Workbook

Sheet moment_rate
B1: =58*14 -> 812 | M1: =M507 -> 0.04031838 | U1: =U507 -> 0.25982093 | AC1: =AC507 -> 0.0074493433
B2: =LOG10(58*14) -> 2.909556 | M2: =M507 -> 0.04031838 | U2: =U507 -> 0.25982093 | AC2: =AC507 -> 0.0074493433
E4: out2 file prob | J4: =SUM(J7:J1207) -> 99.998211 | K4: 0.01 | L4: =SUM(L7:L2004)*$K$4 -> 2.9627125e+21 | M4: =1/M7 -> 0.0009352164 | P4: =SUM(P7:P1004)*K4 -> 2.7738932e+21 | R4: For TE model | W4: =SUM(W7:W863) -> 3.8200478e+20 | Y4: For maxMag model | Z4: =SUM(Z7:Z863) -> 100.00236 | AA4: =SUM(AA7:AA863) -> 4.2528241e+26
D6: Mag | E6: rate M for pure char | F6: rate M for YC85 | I6: mag | J6: char pdf | K6: cumulative density | L6: moment * pdf | M6: N(M) for YC model | N6: char eqk (# of events) | P6: moment in Char | R6: mag | S6: exponentail density | T6: cumulative 1 | U6: N(M) for TE model | V6: moment | W6: moment*density | Y6: mag | Z6: Truncated normal pdf | AA6: moment*density*dm | AB6: C CDF | AC6: N(M) for maxmag
A7: b | B7: 0.9 | D7: ='Out2 for pureChar'!$A7 -> 5.05 | E7: ='Out2 for pureChar'!$B7 -> 0 | F7: ='out2 for YC'!$B7 -> 0.0068924883 | I7: 0.005 | J7: =IF($I7>$B$23,0,1)*IF($I7<($B$23-$B$21),$B$10*EXP(-$B$10*($I7-$B$8)),$B$10*EXP(-$B$10*($B$23-$B$20-$B$21-$B$8)))/(1-EXP(-$B$10*($B$23-$B$21-$B$8)))*(1/(1+$B$24)) -> 2.0509523 | K7: =$J7*K$4+K8 -> 0.99998211 | L7: =$V7*$J7 -> 2.3412919e+16 | M7: =$K7/$L$4*$B$18 -> 1069.2712 | N7: =IF($I7>$B$23,0,1)*IF($I7<($B$23-$B$21),0,M7) -> 0 | O7: =IF($I7>$B$23,0,1)*IF($I7<($B$23-$B$33),0,1)*IF($I7<($B$23-$B$21),$B$10*EXP(-$B$10*($I7-$B$8)),$B$10*EXP(-$B$10*($B$23-$B$20-$B$21-$B$8)))/(1-EXP(-$B$10*($B$23-$B$21-$B$8)))*(1/(1+$B$24))*($B$18/(SUM($L$7:$L$105)*0.05)) -> 0 | P7: =IF($I7>$B$23,0,1)*IF($I7<($B$23-$B$21),0,1)*$L7 -> 0 | R7: =$I7 -> 0.005 | S7: =IF($I7<$B$23+0.01,$B$10*EXP(-$B$10*($I7-$B$8))/(1-EXP(-$B$10*($B$23-$B$8))),0) -> 2.0509654 | T7: =T8+$S7*0.01 -> 0.99998211 | U7: =T7*$B$18/$W$4 -> 8292.9415 | V7: =10^(1.5*$I7+16.05) -> 1.1415633e+16 | W7: =$S7*$V7*0.01 -> 2.3413068e+14 | X7: =(1-EXP(-$B$10*($B$9-0.5-$B$8))+$B$10/2*EXP(-$B$10*($B$9-1.5-$B$8))) -> 1.0000102 | Y7: =I7 -> 0.005 | Z7: =IF(AND($Y7<$B$9+$B$27*$B$28,$Y7>$B$9-$B$27*$B$28),NORMDIST($Y7,$B$9,$B$27,0) / (2*NORMDIST($B$28,0,1,1)-1),0) -> 0 | AA7: =$V7*$Z7*$K$4 -> 0 | AB7: =Z7*$K$4+AB8 -> 1.0000236 | AC7: =$AB7*$B$18/$AA$4 -> 0.0074493433
A8: min mag | B8: 0 | D8: ='Out2 for pureChar'!$A8 -> 5.15 | E8: ='Out2 for pureChar'!$B8 -> 0 | F8: ='out2 for YC'!$B8 -> 0.0050387207 | I8: =I7+0.01 -> 0.015 | J8: =IF($I8>$B$23,0,1)*IF($I8<($B$23-$B$21),$B$10*EXP(-$B$10*($I8-$B$8)),$B$10*EXP(-$B$10*($B$23-$B$20-$B$21-$B$8)))/(1-EXP(-$B$10*($B$23-$B$21-$B$8)))*(1/(1+$B$24)) -> 2.0088872 | K8: =$J8*K$4+K9 -> 0.97947258 | L8: =$V8*$J8 -> 2.3738625e+16 | M8: =$K8/$L$4*$B$18 -> 1047.3406 | N8: =IF($I8>$B$23,0,1)*IF($I8<($B$23-$B$21),0,M8) -> 0 | O8: =IF($I8>$B$23,0,1)*IF($I8<($B$23-$B$33),0,1)*IF($I8<($B$23-$B$21),$B$10*EXP(-$B$10*($I8-$B$8)),$B$10*EXP(-$B$10*($B$23-$B$20-$B$21-$B$8)))/(1-EXP(-$B$10*($B$23-$B$21-$B$8)))*(1/(1+$B$24))*($B$18/(SUM($L$7:$L$105)*0.05)) -> 0 | P8: =IF($I8>$B$23,0,1)*IF($I8<($B$23-$B$21),0,1)*$L8 -> 0 | R8: =$I8 -> 0.015 | S8: =IF($I8<$B$23+0.01,$B$10*EXP(-$B$10*($I8-$B$8))/(1-EXP(-$B$10*($B$23-$B$8))),0) -> 2.0089 | T8: =T9+$S8*0.01 -> 0.97947246 | U8: =T8*$B$18/$W$4 -> 8122.8531 | V8: =10^(1.5*$I8+16.05) -> 1.1816803e+16 | W8: =$S8*$V8*0.01 -> 2.3738776e+14 | Y8: =I8 -> 0.015 | Z8: =IF(AND($Y8<$B$9+$B$27*$B$28,$Y8>$B$9-$B$27*$B$28),NORMDIST($Y8,$B$9,$B$27,0) / (2*NORMDIST($B$28,0,1,1)-1),0) -> 0 | AA8: =$V8*$Z8*$K$4 -> 0 | AB8: =Z8*$K$4+AB9 -> 1.0000236 | AC8: =$AB8*$B$18/$AA$4 -> 0.0074493433
A9: m char | B9: 7 | D9: ='Out2 for pureChar'!$A9 -> 5.25 | E9: ='Out2 for pureChar'!$B9 -> 0 | F9: ='out2 for YC'!$B9 -> 0.004095626 | I9: =I8+0.01 -> 0.025 | J9: =IF($I9>$B$23,0,1)*IF($I9<($B$23-$B$21),$B$10*EXP(-$B$10*($I9-$B$8)),$B$10*EXP(-$B$10*($B$23-$B$20-$B$21-$B$8)))/(1-EXP(-$B$10*($B$23-$B$21-$B$8)))*(1/(1+$B$24)) -> 1.9676849 | K9: =$J9*K$4+K10 -> 0.95938371 | L9: =$V9*$J9 -> 2.4068862e+16 | M9: =$K9/$L$4*$B$18 -> 1025.8598 | N9: =IF($I9>$B$23,0,1)*IF($I9<($B$23-$B$21),0,M9) -> 0 | O9: =IF($I9>$B$23,0,1)*IF($I9<($B$23-$B$33),0,1)*IF($I9<($B$23-$B$21),$B$10*EXP(-$B$10*($I9-$B$8)),$B$10*EXP(-$B$10*($B$23-$B$20-$B$21-$B$8)))/(1-EXP(-$B$10*($B$23-$B$21-$B$8)))*(1/(1+$B$24))*($B$18/(SUM($L$7:$L$105)*0.05)) -> 0 | P9: =IF($I9>$B$23,0,1)*IF($I9<($B$23-$B$21),0,1)*$L9 -> 0 | R9: =$I9 -> 0.025 | S9: =IF($I9<$B$23+0.01,$B$10*EXP(-$B$10*($I9-$B$8))/(1-EXP(-$B$10*($B$23-$B$8))),0) -> 1.9676975 | T9: =T10+$S9*0.01 -> 0.95938346 | U9: =T9*$B$18/$W$4 -> 7956.2532 | V9: =10^(1.5*$I9+16.05) -> 1.2232071e+16 | W9: =$S9*$V9*0.01 -> 2.4069016e+14 | Y9: =I9 -> 0.025 | Z9: =IF(AND($Y9<$B$9+$B$27*$B$28,$Y9>$B$9-$B$27*$B$28),NORMDIST($Y9,$B$9,$B$27,0) / (2*NORMDIST($B$28,0,1,1)-1),0) -> 0 | AA9: =$V9*$Z9*$K$4 -> 0 | AB9: =Z9*$K$4+AB10 -> 1.0000236 | AC9: =$AB9*$B$18/$AA$4 -> 0.0074493433
A10: beta | B10: =$B$7*LN(10) -> 2.0723266 | D10: ='Out2 for pureChar'!$A10 -> 5.35 | E10: ='Out2 for pureChar'!$B10 -> 0 | F10: ='out2 for YC'!$B10 -> 0.0033290498 | I10: =I9+0.01 -> 0.035 | J10: =IF($I10>$B$23,0,1)*IF($I10<($B$23-$B$21),$B$10*EXP(-$B$10*($I10-$B$8)),$B$10*EXP(-$B$10*($B$23-$B$20-$B$21-$B$8)))/(1-EXP(-$B$10*($B$23-$B$21-$B$8)))*(1/(1+$B$24)) -> 1.9273277 | K10: =$J10*K$4+K11 -> 0.93970686 | L10: =$V10*$J10 -> 2.4403693e+16 | M10: =$K10/$L$4*$B$18 -> 1004.8195 | N10: =IF($I10>$B$23,0,1)*IF($I10<($B$23-$B$21),0,M10) -> 0 | O10: =IF($I10>$B$23,0,1)*IF($I10<($B$23-$B$33),0,1)*IF($I10<($B$23-$B$21),$B$10*EXP(-$B$10*($I10-$B$8)),$B$10*EXP(-$B$10*($B$23-$B$20-$B$21-$B$8)))/(1-EXP(-$B$10*($B$23-$B$21-$B$8)))*(1/(1+$B$24))*($B$18/(SUM($L$7:$L$105)*0.05)) -> 0 | P10: =IF($I10>$B$23,0,1)*IF($I10<($B$23-$B$21),0,1)*$L10 -> 0 | R10: =$I10 -> 0.035 | S10: =IF($I10<$B$23+0.01,$B$10*EXP(-$B$10*($I10-$B$8))/(1-EXP(-$B$10*($B$23-$B$8))),0) -> 1.92734 | T10: =T11+$S10*0.01 -> 0.93970648 | U10: =T10*$B$18/$W$4 -> 7793.0703 | V10: =10^(1.5*$I10+16.05) -> 1.2661933e+16 | W10: =$S10*$V10*0.01 -> 2.4403849e+14 | Y10: =I10 -> 0.035 | Z10: =IF(AND($Y10<$B$9+$B$27*$B$28,$Y10>$B$9-$B$27*$B$28),NORMDIST($Y10,$B$9,$B$27,0) / (2*NORMDIST($B$28,0,1,1)-1),0) -> 0 | AA10: =$V10*$Z10*$K$4 -> 0 | AB10: =Z10*$K$4+AB11 -> 1.0000236 | AC10: =$AB10*$B$18/$AA$4 -> 0.0074493433
D11: ='Out2 for pureChar'!$A11 -> 5.45 | E11: ='Out2 for pureChar'!$B11 -> 0 | F11: ='out2 for YC'!$B11 -> 0.0027059532 | I11: =I10+0.01 -> 0.045 | J11: =IF($I11>$B$23,0,1)*IF($I11<($B$23-$B$21),$B$10*EXP(-$B$10*($I11-$B$8)),$B$10*EXP(-$B$10*($B$23-$B$20-$B$21-$B$8)))/(1-EXP(-$B$10*($B$23-$B$21-$B$8)))*(1/(1+$B$24)) -> 1.8877981 | K11: =$J11*K$4+K12 -> 0.92043359 | L11: =$V11*$J11 -> 2.4743182e+16 | M11: =$K11/$L$4*$B$18 -> 984.21078 | N11: =IF($I11>$B$23,0,1)*IF($I11<($B$23-$B$21),0,M11) -> 0 | O11: =IF($I11>$B$23,0,1)*IF($I11<($B$23-$B$33),0,1)*IF($I11<($B$23-$B$21),$B$10*EXP(-$B$10*($I11-$B$8)),$B$10*EXP(-$B$10*($B$23-$B$20-$B$21-$B$8)))/(1-EXP(-$B$10*($B$23-$B$21-$B$8)))*(1/(1+$B$24))*($B$18/(SUM($L$7:$L$105)*0.05)) -> 0 | P11: =IF($I11>$B$23,0,1)*IF($I11<($B$23-$B$21),0,1)*$L11 -> 0 | R11: =$I11 -> 0.045 | S11: =IF($I11<$B$23+0.01,$B$10*EXP(-$B$10*($I11-$B$8))/(1-EXP(-$B$10*($B$23-$B$8))),0) -> 1.8878102 | T11: =T12+$S11*0.01 -> 0.92043308 | U11: =T11*$B$18/$W$4 -> 7633.2343 | V11: =10^(1.5*$I11+16.05) -> 1.31069e+16 | W11: =$S11*$V11*0.01 -> 2.474334e+14 | Y11: =I11 -> 0.045 | Z11: =IF(AND($Y11<$B$9+$B$27*$B$28,$Y11>$B$9-$B$27*$B$28),NORMDIST($Y11,$B$9,$B$27,0) / (2*NORMDIST($B$28,0,1,1)-1),0) -> 0 | AA11: =$V11*$Z11*$K$4 -> 0 | AB11: =Z11*$K$4+AB12 -> 1.0000236 | AC11: =$AB11*$B$18/$AA$4 -> 0.0074493433
A12: sliprate (mm/yr) | B12: 11 | D12: ='Out2 for pureChar'!$A12 -> 5.55 | E12: ='Out2 for pureChar'!$B12 -> 0 | F12: ='out2 for YC'!$B12 -> 0.0021994814 | I12: =I11+0.01 -> 0.055 | J12: =IF($I12>$B$23,0,1)*IF($I12<($B$23-$B$21),$B$10*EXP(-$B$10*($I12-$B$8)),$B$10*EXP(-$B$10*($B$23-$B$20-$B$21-$B$8)))/(1-EXP(-$B$10*($B$23-$B$21-$B$8)))*(1/(1+$B$24)) -> 1.8490794 | K12: =$J12*K$4+K13 -> 0.9015556 | L12: =$V12*$J12 -> 2.5087394e+16 | M12: =$K12/$L$4*$B$18 -> 964.02473 | N12: =IF($I12>$B$23,0,1)*IF($I12<($B$23-$B$21),0,M12) -> 0 | O12: =IF($I12>$B$23,0,1)*IF($I12<($B$23-$B$33),0,1)*IF($I12<($B$23-$B$21),$B$10*EXP(-$B$10*($I12-$B$8)),$B$10*EXP(-$B$10*($B$23-$B$20-$B$21-$B$8)))/(1-EXP(-$B$10*($B$23-$B$21-$B$8)))*(1/(1+$B$24))*($B$18/(SUM($L$7:$L$105)*0.05)) -> 0 | P12: =IF($I12>$B$23,0,1)*IF($I12<($B$23-$B$21),0,1)*$L12 -> 0 | R12: =$I12 -> 0.055 | S12: =IF($I12<$B$23+0.01,$B$10*EXP(-$B$10*($I12-$B$8))/(1-EXP(-$B$10*($B$23-$B$8))),0) -> 1.8490912 | T12: =T13+$S12*0.01 -> 0.90155498 | U12: =T12*$B$18/$W$4 -> 7476.6765 | V12: =10^(1.5*$I12+16.05) -> 1.3567505e+16 | W12: =$S12*$V12*0.01 -> 2.5087554e+14 | Y12: =I12 -> 0.055 | Z12: =IF(AND($Y12<$B$9+$B$27*$B$28,$Y12>$B$9-$B$27*$B$28),NORMDIST($Y12,$B$9,$B$27,0) / (2*NORMDIST($B$28,0,1,1)-1),0) -> 0 | AA12: =$V12*$Z12*$K$4 -> 0 | AB12: =Z12*$K$4+AB13 -> 1.0000236 | AC12: =$AB12*$B$18/$AA$4 -> 0.0074493433
A13: length (km) | B13: 80 | D13: ='Out2 for pureChar'!$A13 -> 5.65 | E13: ='Out2 for pureChar'!$B13 -> 0 | F13: ='out2 for YC'!$B13 -> 0.0017878056 | I13: =I12+0.01 -> 0.065 | J13: =IF($I13>$B$23,0,1)*IF($I13<($B$23-$B$21),$B$10*EXP(-$B$10*($I13-$B$8)),$B$10*EXP(-$B$10*($B$23-$B$20-$B$21-$B$8)))/(1-EXP(-$B$10*($B$23-$B$21-$B$8)))*(1/(1+$B$24)) -> 1.8111547 | K13: =$J13*K$4+K14 -> 0.88306481 | L13: =$V13*$J13 -> 2.5436395e+16 | M13: =$K13/$L$4*$B$18 -> 944.25271 | N13: =IF($I13>$B$23,0,1)*IF($I13<($B$23-$B$21),0,M13) -> 0 | O13: =IF($I13>$B$23,0,1)*IF($I13<($B$23-$B$33),0,1)*IF($I13<($B$23-$B$21),$B$10*EXP(-$B$10*($I13-$B$8)),$B$10*EXP(-$B$10*($B$23-$B$20-$B$21-$B$8)))/(1-EXP(-$B$10*($B$23-$B$21-$B$8)))*(1/(1+$B$24))*($B$18/(SUM($L$7:$L$105)*0.05)) -> 0 | P13: =IF($I13>$B$23,0,1)*IF($I13<($B$23-$B$21),0,1)*$L13 -> 0 | R13: =$I13 -> 0.065 | S13: =IF($I13<$B$23+0.01,$B$10*EXP(-$B$10*($I13-$B$8))/(1-EXP(-$B$10*($B$23-$B$8))),0) -> 1.8111663 | T13: =T14+$S13*0.01 -> 0.88306407 | U13: =T13*$B$18/$W$4 -> 7323.3297 | V13: =10^(1.5*$I13+16.05) -> 1.4044297e+16 | W13: =$S13*$V13*0.01 -> 2.5436557e+14 | Y13: =I13 -> 0.065 | Z13: =IF(AND($Y13<$B$9+$B$27*$B$28,$Y13>$B$9-$B$27*$B$28),NORMDIST($Y13,$B$9,$B$27,0) / (2*NORMDIST($B$28,0,1,1)-1),0) -> 0 | AA13: =$V13*$Z13*$K$4 -> 0 | AB13: =Z13*$K$4+AB14 -> 1.0000236 | AC13: =$AB13*$B$18/$AA$4 -> 0.0074493433
A14: seismo thick (km) | B14: 12 | D14: ='Out2 for pureChar'!$A14 -> 5.75 | E14: ='Out2 for pureChar'!$B14 -> 0 | F14: ='out2 for YC'!$B14 -> 0.0014531829 | I14: =I13+0.01 -> 0.075 | J14: =IF($I14>$B$23,0,1)*IF($I14<($B$23-$B$21),$B$10*EXP(-$B$10*($I14-$B$8)),$B$10*EXP(-$B$10*($B$23-$B$20-$B$21-$B$8)))/(1-EXP(-$B$10*($B$23-$B$21-$B$8)))*(1/(1+$B$24)) -> 1.7740079 | K14: =$J14*K$4+K15 -> 0.86495326 | L14: =$V14*$J14 -> 2.579025e+16 | M14: =$K14/$L$4*$B$18 -> 924.8862 | N14: =IF($I14>$B$23,0,1)*IF($I14<($B$23-$B$21),0,M14) -> 0 | O14: =IF($I14>$B$23,0,1)*IF($I14<($B$23-$B$33),0,1)*IF($I14<($B$23-$B$21),$B$10*EXP(-$B$10*($I14-$B$8)),$B$10*EXP(-$B$10*($B$23-$B$20-$B$21-$B$8)))/(1-EXP(-$B$10*($B$23-$B$21-$B$8)))*(1/(1+$B$24))*($B$18/(SUM($L$7:$L$105)*0.05)) -> 0 | P14: =IF($I14>$B$23,0,1)*IF($I14<($B$23-$B$21),0,1)*$L14 -> 0 | R14: =$I14 -> 0.075 | S14: =IF($I14<$B$23+0.01,$B$10*EXP(-$B$10*($I14-$B$8))/(1-EXP(-$B$10*($B$23-$B$8))),0) -> 1.7740192 | T14: =T15+$S14*0.01 -> 0.86495241 | U14: =T14*$B$18/$W$4 -> 7173.128 | V14: =10^(1.5*$I14+16.05) -> 1.4537844e+16 | W14: =$S14*$V14*0.01 -> 2.5790415e+14 | Y14: =I14 -> 0.075 | Z14: =IF(AND($Y14<$B$9+$B$27*$B$28,$Y14>$B$9-$B$27*$B$28),NORMDIST($Y14,$B$9,$B$27,0) / (2*NORMDIST($B$28,0,1,1)-1),0) -> 0 | AA14: =$V14*$Z14*$K$4 -> 0 | AB14: =Z14*$K$4+AB15 -> 1.0000236 | AC14: =$AB14*$B$18/$AA$4 -> 0.0074493433
A15: dip | B15: 90 | D15: ='Out2 for pureChar'!$A15 -> 5.85 | E15: ='Out2 for pureChar'!$B15 -> 0 | F15: ='out2 for YC'!$B15 -> 0.0011811914 | I15: =I14+0.01 -> 0.085 | J15: =IF($I15>$B$23,0,1)*IF($I15<($B$23-$B$21),$B$10*EXP(-$B$10*($I15-$B$8)),$B$10*EXP(-$B$10*($B$23-$B$20-$B$21-$B$8)))/(1-EXP(-$B$10*($B$23-$B$21-$B$8)))*(1/(1+$B$24)) -> 1.737623 | K15: =$J15*K$4+K16 -> 0.84721318 | L15: =$V15*$J15 -> 2.6149028e+16 | M15: =$K15/$L$4*$B$18 -> 905.91691 | N15: =IF($I15>$B$23,0,1)*IF($I15<($B$23-$B$21),0,M15) -> 0 | O15: =IF($I15>$B$23,0,1)*IF($I15<($B$23-$B$33),0,1)*IF($I15<($B$23-$B$21),$B$10*EXP(-$B$10*($I15-$B$8)),$B$10*EXP(-$B$10*($B$23-$B$20-$B$21-$B$8)))/(1-EXP(-$B$10*($B$23-$B$21-$B$8)))*(1/(1+$B$24))*($B$18/(SUM($L$7:$L$105)*0.05)) -> 0 | P15: =IF($I15>$B$23,0,1)*IF($I15<($B$23-$B$21),0,1)*$L15 -> 0 | R15: =$I15 -> 0.085 | S15: =IF($I15<$B$23+0.01,$B$10*EXP(-$B$10*($I15-$B$8))/(1-EXP(-$B$10*($B$23-$B$8))),0) -> 1.7376341 | T15: =T16+$S15*0.01 -> 0.84721221 | U15: =T15*$B$18/$W$4 -> 7026.007 | V15: =10^(1.5*$I15+16.05) -> 1.5048735e+16 | W15: =$S15*$V15*0.01 -> 2.6149195e+14 | Y15: =I15 -> 0.085 | Z15: =IF(AND($Y15<$B$9+$B$27*$B$28,$Y15>$B$9-$B$27*$B$28),NORMDIST($Y15,$B$9,$B$27,0) / (2*NORMDIST($B$28,0,1,1)-1),0) -> 0 | AA15: =$V15*$Z15*$K$4 -> 0 | AB15: =Z15*$K$4+AB16 -> 1.0000236 | AC15: =$AB15*$B$18/$AA$4 -> 0.0074493433
A16: down-dip width (km) | B16: =B14/SIN(B15*PI()/180) -> 12 | D16: ='Out2 for pureChar'!$A16 -> 5.95 | E16: ='Out2 for pureChar'!$B16 -> 0 | F16: ='out2 for YC'!$B16 -> 0.00096010844 | I16: =I15+0.01 -> 0.095 | J16: =IF($I16>$B$23,0,1)*IF($I16<($B$23-$B$21),$B$10*EXP(-$B$10*($I16-$B$8)),$B$10*EXP(-$B$10*($B$23-$B$20-$B$21-$B$8)))/(1-EXP(-$B$10*($B$23-$B$21-$B$8)))*(1/(1+$B$24)) -> 1.7019843 | K16: =$J16*K$4+K17 -> 0.82983695 | L16: =$V16*$J16 -> 2.6512798e+16 | M16: =$K16/$L$4*$B$18 -> 887.33667 | N16: =IF($I16>$B$23,0,1)*IF($I16<($B$23-$B$21),0,M16) -> 0 | O16: =IF($I16>$B$23,0,1)*IF($I16<($B$23-$B$33),0,1)*IF($I16<($B$23-$B$21),$B$10*EXP(-$B$10*($I16-$B$8)),$B$10*EXP(-$B$10*($B$23-$B$20-$B$21-$B$8)))/(1-EXP(-$B$10*($B$23-$B$21-$B$8)))*(1/(1+$B$24))*($B$18/(SUM($L$7:$L$105)*0.05)) -> 0 | P16: =IF($I16>$B$23,0,1)*IF($I16<($B$23-$B$21),0,1)*$L16 -> 0 | R16: =$I16 -> 0.095 | S16: =IF($I16<$B$23+0.01,$B$10*EXP(-$B$10*($I16-$B$8))/(1-EXP(-$B$10*($B$23-$B$8))),0) -> 1.7019952 | T16: =T17+$S16*0.01 -> 0.82983587 | U16: =T16*$B$18/$W$4 -> 6881.9035 | V16: =10^(1.5*$I16+16.05) -> 1.557758e+16 | W16: =$S16*$V16*0.01 -> 2.6512967e+14 | Y16: =I16 -> 0.095 | Z16: =IF(AND($Y16<$B$9+$B$27*$B$28,$Y16>$B$9-$B$27*$B$28),NORMDIST($Y16,$B$9,$B$27,0) / (2*NORMDIST($B$28,0,1,1)-1),0) -> 0 | AA16: =$V16*$Z16*$K$4 -> 0 | AB16: =Z16*$K$4+AB17 -> 1.0000236 | AC16: =$AB16*$B$18/$AA$4 -> 0.0074493433
A17: mu | B17: 300000000000 | D17: ='Out2 for pureChar'!$A17 -> 6.05 | E17: ='Out2 for pureChar'!$B17 -> 0 | F17: ='out2 for YC'!$B17 -> 0.00078040544 | I17: =I16+0.01 -> 0.105 | J17: =IF($I17>$B$23,0,1)*IF($I17<($B$23-$B$21),$B$10*EXP(-$B$10*($I17-$B$8)),$B$10*EXP(-$B$10*($B$23-$B$20-$B$21-$B$8)))/(1-EXP(-$B$10*($B$23-$B$21-$B$8)))*(1/(1+$B$24)) -> 1.6670766 | K17: =$J17*K$4+K18 -> 0.81281711 | L17: =$V17*$J17 -> 2.6881627e+16 | M17: =$K17/$L$4*$B$18 -> 869.13752 | N17: =IF($I17>$B$23,0,1)*IF($I17<($B$23-$B$21),0,M17) -> 0 | O17: =IF($I17>$B$23,0,1)*IF($I17<($B$23-$B$33),0,1)*IF($I17<($B$23-$B$21),$B$10*EXP(-$B$10*($I17-$B$8)),$B$10*EXP(-$B$10*($B$23-$B$20-$B$21-$B$8)))/(1-EXP(-$B$10*($B$23-$B$21-$B$8)))*(1/(1+$B$24))*($B$18/(SUM($L$7:$L$105)*0.05)) -> 0 | P17: =IF($I17>$B$23,0,1)*IF($I17<($B$23-$B$21),0,1)*$L17 -> 0 | R17: =$I17 -> 0.105 | S17: =IF($I17<$B$23+0.01,$B$10*EXP(-$B$10*($I17-$B$8))/(1-EXP(-$B$10*($B$23-$B$8))),0) -> 1.6670872 | T17: =T18+$S17*0.01 -> 0.81281592 | U17: =T17*$B$18/$W$4 -> 6740.7555 | V17: =10^(1.5*$I17+16.05) -> 1.612501e+16 | W17: =$S17*$V17*0.01 -> 2.6881799e+14 | Y17: =I17 -> 0.105 | Z17: =IF(AND($Y17<$B$9+$B$27*$B$28,$Y17>$B$9-$B$27*$B$28),NORMDIST($Y17,$B$9,$B$27,0) / (2*NORMDIST($B$28,0,1,1)-1),0) -> 0 | AA17: =$V17*$Z17*$K$4 -> 0 | AB17: =Z17*$K$4+AB18 -> 1.0000236 | AC17: =$AB17*$B$18/$AA$4 -> 0.0074493433
A18: moment rate | B18: =B$12*B$13*B$16*B$17*1000000000 -> 3.168e+24 | D18: ='Out2 for pureChar'!$A18 -> 6.15 | E18: ='Out2 for pureChar'!$B18 -> 0 | F18: ='out2 for YC'!$B18 -> 0.00063433736 | I18: =I17+0.01 -> 0.115 | J18: =IF($I18>$B$23,0,1)*IF($I18<($B$23-$B$21),$B$10*EXP(-$B$10*($I18-$B$8)),$B$10*EXP(-$B$10*($B$23-$B$20-$B$21-$B$8)))/(1-EXP(-$B$10*($B$23-$B$21-$B$8)))*(1/(1+$B$24)) -> 1.6328848 | K18: =$J18*K$4+K19 -> 0.79614634 | L18: =$V18*$J18 -> 2.7255588e+16 | M18: =$K18/$L$4*$B$18 -> 851.31163 | N18: =IF($I18>$B$23,0,1)*IF($I18<($B$23-$B$21),0,M18) -> 0 | O18: =IF($I18>$B$23,0,1)*IF($I18<($B$23-$B$33),0,1)*IF($I18<($B$23-$B$21),$B$10*EXP(-$B$10*($I18-$B$8)),$B$10*EXP(-$B$10*($B$23-$B$20-$B$21-$B$8)))/(1-EXP(-$B$10*($B$23-$B$21-$B$8)))*(1/(1+$B$24))*($B$18/(SUM($L$7:$L$105)*0.05)) -> 0 | P18: =IF($I18>$B$23,0,1)*IF($I18<($B$23-$B$21),0,1)*$L18 -> 0 | R18: =$I18 -> 0.115 | S18: =IF($I18<$B$23+0.01,$B$10*EXP(-$B$10*($I18-$B$8))/(1-EXP(-$B$10*($B$23-$B$8))),0) -> 1.6328953 | T18: =T19+$S18*0.01 -> 0.79614505 | U18: =T18*$B$18/$W$4 -> 6602.5024 | V18: =10^(1.5*$I18+16.05) -> 1.6691678e+16 | W18: =$S18*$V18*0.01 -> 2.7255762e+14 | Y18: =I18 -> 0.115 | Z18: =IF(AND($Y18<$B$9+$B$27*$B$28,$Y18>$B$9-$B$27*$B$28),NORMDIST($Y18,$B$9,$B$27,0) / (2*NORMDIST($B$28,0,1,1)-1),0) -> 0 | AA18: =$V18*$Z18*$K$4 -> 0 | AB18: =Z18*$K$4+AB19 -> 1.0000236 | AC18: =$AB18*$B$18/$AA$4 -> 0.0074493433
A19: char model: | D19: ='Out2 for pureChar'!$A19 -> 6.25 | E19: ='Out2 for pureChar'!$B19 -> 0 | F19: ='out2 for YC'!$B19 -> 0.00051560876 | I19: =I18+0.01 -> 0.125 | J19: =IF($I19>$B$23,0,1)*IF($I19<($B$23-$B$21),$B$10*EXP(-$B$10*($I19-$B$8)),$B$10*EXP(-$B$10*($B$23-$B$20-$B$21-$B$8)))/(1-EXP(-$B$10*($B$23-$B$21-$B$8)))*(1/(1+$B$24)) -> 1.5993943 | K19: =$J19*K$4+K20 -> 0.7798175 | L19: =$V19*$J19 -> 2.7634751e+16 | M19: =$K19/$L$4*$B$18 -> 833.85135 | N19: =IF($I19>$B$23,0,1)*IF($I19<($B$23-$B$21),0,M19) -> 0 | O19: =IF($I19>$B$23,0,1)*IF($I19<($B$23-$B$33),0,1)*IF($I19<($B$23-$B$21),$B$10*EXP(-$B$10*($I19-$B$8)),$B$10*EXP(-$B$10*($B$23-$B$20-$B$21-$B$8)))/(1-EXP(-$B$10*($B$23-$B$21-$B$8)))*(1/(1+$B$24))*($B$18/(SUM($L$7:$L$105)*0.05)) -> 0 | P19: =IF($I19>$B$23,0,1)*IF($I19<($B$23-$B$21),0,1)*$L19 -> 0 | R19: =$I19 -> 0.125 | S19: =IF($I19<$B$23+0.01,$B$10*EXP(-$B$10*($I19-$B$8))/(1-EXP(-$B$10*($B$23-$B$8))),0) -> 1.5994046 | T19: =T20+$S19*0.01 -> 0.7798161 | U19: =T19*$B$18/$W$4 -> 6467.085 | V19: =10^(1.5*$I19+16.05) -> 1.727826e+16 | W19: =$S19*$V19*0.01 -> 2.7634927e+14 | Y19: =I19 -> 0.125 | Z19: =IF(AND($Y19<$B$9+$B$27*$B$28,$Y19>$B$9-$B$27*$B$28),NORMDIST($Y19,$B$9,$B$27,0) / (2*NORMDIST($B$28,0,1,1)-1),0) -> 0 | AA19: =$V19*$Z19*$K$4 -> 0 | AB19: =Z19*$K$4+AB20 -> 1.0000236 | AC19: =$AB19*$B$18/$AA$4 -> 0.0074493433
A20: delta m1 (default 1) | B20: 1 | D20: ='Out2 for pureChar'!$A20 -> 6.35 | E20: ='Out2 for pureChar'!$B20 -> 0 | F20: ='out2 for YC'!$B20 -> 0.00041910254 | I20: =I19+0.01 -> 0.135 | J20: =IF($I20>$B$23,0,1)*IF($I20<($B$23-$B$21),$B$10*EXP(-$B$10*($I20-$B$8)),$B$10*EXP(-$B$10*($B$23-$B$20-$B$21-$B$8)))/(1-EXP(-$B$10*($B$23-$B$21-$B$8)))*(1/(1+$B$24)) -> 1.5665907 | K20: =$J20*K$4+K21 -> 0.76382355 | L20: =$V20*$J20 -> 2.8019189e+16 | M20: =$K20/$L$4*$B$18 -> 816.74918 | N20: =IF($I20>$B$23,0,1)*IF($I20<($B$23-$B$21),0,M20) -> 0 | O20: =IF($I20>$B$23,0,1)*IF($I20<($B$23-$B$33),0,1)*IF($I20<($B$23-$B$21),$B$10*EXP(-$B$10*($I20-$B$8)),$B$10*EXP(-$B$10*($B$23-$B$20-$B$21-$B$8)))/(1-EXP(-$B$10*($B$23-$B$21-$B$8)))*(1/(1+$B$24))*($B$18/(SUM($L$7:$L$105)*0.05)) -> 0 | P20: =IF($I20>$B$23,0,1)*IF($I20<($B$23-$B$21),0,1)*$L20 -> 0 | R20: =$I20 -> 0.135 | S20: =IF($I20<$B$23+0.01,$B$10*EXP(-$B$10*($I20-$B$8))/(1-EXP(-$B$10*($B$23-$B$8))),0) -> 1.5666007 | T20: =T21+$S20*0.01 -> 0.76382205 | U20: =T20*$B$18/$W$4 -> 6334.4449 | V20: =10^(1.5*$I20+16.05) -> 1.7885455e+16 | W20: =$S20*$V20*0.01 -> 2.8019368e+14 | Y20: =I20 -> 0.135 | Z20: =IF(AND($Y20<$B$9+$B$27*$B$28,$Y20>$B$9-$B$27*$B$28),NORMDIST($Y20,$B$9,$B$27,0) / (2*NORMDIST($B$28,0,1,1)-1),0) -> 0 | AA20: =$V20*$Z20*$K$4 -> 0 | AB20: =Z20*$K$4+AB21 -> 1.0000236 | AC20: =$AB20*$B$18/$AA$4 -> 0.0074493433
A21: delta m2 (default 0.5) | B21: 0.5 | D21: ='Out2 for pureChar'!$A21 -> 6.45 | E21: ='Out2 for pureChar'!$B21 -> 0 | F21: ='out2 for YC'!$B21 -> 0.00034065933 | I21: =I20+0.01 -> 0.145 | J21: =IF($I21>$B$23,0,1)*IF($I21<($B$23-$B$21),$B$10*EXP(-$B$10*($I21-$B$8)),$B$10*EXP(-$B$10*($B$23-$B$20-$B$21-$B$8)))/(1-EXP(-$B$10*($B$23-$B$21-$B$8)))*(1/(1+$B$24)) -> 1.5344599 | K21: =$J21*K$4+K22 -> 0.74815765 | L21: =$V21*$J21 -> 2.8408974e+16 | M21: =$K21/$L$4*$B$18 -> 799.99777 | N21: =IF($I21>$B$23,0,1)*IF($I21<($B$23-$B$21),0,M21) -> 0 | O21: =IF($I21>$B$23,0,1)*IF($I21<($B$23-$B$33),0,1)*IF($I21<($B$23-$B$21),$B$10*EXP(-$B$10*($I21-$B$8)),$B$10*EXP(-$B$10*($B$23-$B$20-$B$21-$B$8)))/(1-EXP(-$B$10*($B$23-$B$21-$B$8)))*(1/(1+$B$24))*($B$18/(SUM($L$7:$L$105)*0.05)) -> 0 | P21: =IF($I21>$B$23,0,1)*IF($I21<($B$23-$B$21),0,1)*$L21 -> 0 | R21: =$I21 -> 0.145 | S21: =IF($I21<$B$23+0.01,$B$10*EXP(-$B$10*($I21-$B$8))/(1-EXP(-$B$10*($B$23-$B$8))),0) -> 1.5344697 | T21: =T22+$S21*0.01 -> 0.74815604 | U21: =T21*$B$18/$W$4 -> 6204.5253 | V21: =10^(1.5*$I21+16.05) -> 1.8513989e+16 | W21: =$S21*$V21*0.01 -> 2.8409156e+14 | Y21: =I21 -> 0.145 | Z21: =IF(AND($Y21<$B$9+$B$27*$B$28,$Y21>$B$9-$B$27*$B$28),NORMDIST($Y21,$B$9,$B$27,0) / (2*NORMDIST($B$28,0,1,1)-1),0) -> 0 | AA21: =$V21*$Z21*$K$4 -> 0 | AB21: =Z21*$K$4+AB22 -> 1.0000236 | AC21: =$AB21*$B$18/$AA$4 -> 0.0074493433
A22: delta m3 (default 0.25) | B22: 0.25 | D22: ='Out2 for pureChar'!$A22 -> 6.55 | E22: ='Out2 for pureChar'!$B22 -> 2.2141246e-05 | F22: ='out2 for YC'!$B22 -> 0.0002768983 | I22: =I21+0.01 -> 0.155 | J22: =IF($I22>$B$23,0,1)*IF($I22<($B$23-$B$21),$B$10*EXP(-$B$10*($I22-$B$8)),$B$10*EXP(-$B$10*($B$23-$B$20-$B$21-$B$8)))/(1-EXP(-$B$10*($B$23-$B$21-$B$8)))*(1/(1+$B$24)) -> 1.5029881 | K22: =$J22*K$4+K23 -> 0.73281305 | L22: =$V22*$J22 -> 2.8804183e+16 | M22: =$K22/$L$4*$B$18 -> 783.58994 | N22: =IF($I22>$B$23,0,1)*IF($I22<($B$23-$B$21),0,M22) -> 0 | O22: =IF($I22>$B$23,0,1)*IF($I22<($B$23-$B$33),0,1)*IF($I22<($B$23-$B$21),$B$10*EXP(-$B$10*($I22-$B$8)),$B$10*EXP(-$B$10*($B$23-$B$20-$B$21-$B$8)))/(1-EXP(-$B$10*($B$23-$B$21-$B$8)))*(1/(1+$B$24))*($B$18/(SUM($L$7:$L$105)*0.05)) -> 0 | P22: =IF($I22>$B$23,0,1)*IF($I22<($B$23-$B$21),0,1)*$L22 -> 0 | R22: =$I22 -> 0.155 | S22: =IF($I22<$B$23+0.01,$B$10*EXP(-$B$10*($I22-$B$8))/(1-EXP(-$B$10*($B$23-$B$8))),0) -> 1.5029977 | T22: =T23+$S22*0.01 -> 0.73281135 | U22: =T22*$B$18/$W$4 -> 6077.2704 | V22: =10^(1.5*$I22+16.05) -> 1.9164611e+16 | W22: =$S22*$V22*0.01 -> 2.8804366e+14 | Y22: =I22 -> 0.155 | Z22: =IF(AND($Y22<$B$9+$B$27*$B$28,$Y22>$B$9-$B$27*$B$28),NORMDIST($Y22,$B$9,$B$27,0) / (2*NORMDIST($B$28,0,1,1)-1),0) -> 0 | AA22: =$V22*$Z22*$K$4 -> 0 | AB22: =Z22*$K$4+AB23 -> 1.0000236 | AC22: =$AB22*$B$18/$AA$4 -> 0.0074493433
A23: mmax +delta m3 | B23: =B$9+B$22 -> 7.25 | D23: ='Out2 for pureChar'!$A23 -> 6.65 | E23: ='Out2 for pureChar'!$B23 -> 0.00037407587 | F23: ='out2 for YC'!$B23 -> 0.00022507139 | I23: =I22+0.01 -> 0.165 | J23: =IF($I23>$B$23,0,1)*IF($I23<($B$23-$B$21),$B$10*EXP(-$B$10*($I23-$B$8)),$B$10*EXP(-$B$10*($B$23-$B$20-$B$21-$B$8)))/(1-EXP(-$B$10*($B$23-$B$21-$B$8)))*(1/(1+$B$24)) -> 1.4721618 | K23: =$J23*K$4+K24 -> 0.71778316 | L23: =$V23*$J23 -> 2.9204889e+16 | M23: =$K23/$L$4*$B$18 -> 767.51863 | N23: =IF($I23>$B$23,0,1)*IF($I23<($B$23-$B$21),0,M23) -> 0 | O23: =IF($I23>$B$23,0,1)*IF($I23<($B$23-$B$33),0,1)*IF($I23<($B$23-$B$21),$B$10*EXP(-$B$10*($I23-$B$8)),$B$10*EXP(-$B$10*($B$23-$B$20-$B$21-$B$8)))/(1-EXP(-$B$10*($B$23-$B$21-$B$8)))*(1/(1+$B$24))*($B$18/(SUM($L$7:$L$105)*0.05)) -> 0 | P23: =IF($I23>$B$23,0,1)*IF($I23<($B$23-$B$21),0,1)*$L23 -> 0 | R23: =$I23 -> 0.165 | S23: =IF($I23<$B$23+0.01,$B$10*EXP(-$B$10*($I23-$B$8))/(1-EXP(-$B$10*($B$23-$B$8))),0) -> 1.4721712 | T23: =T24+$S23*0.01 -> 0.71778137 | U23: =T23*$B$18/$W$4 -> 5952.6254 | V23: =10^(1.5*$I23+16.05) -> 1.9838097e+16 | W23: =$S23*$V23*0.01 -> 2.9205075e+14 | Y23: =I23 -> 0.165 | Z23: =IF(AND($Y23<$B$9+$B$27*$B$28,$Y23>$B$9-$B$27*$B$28),NORMDIST($Y23,$B$9,$B$27,0) / (2*NORMDIST($B$28,0,1,1)-1),0) -> 0 | AA23: =$V23*$Z23*$K$4 -> 0 | AB23: =Z23*$K$4+AB24 -> 1.0000236 | AC23: =$AB23*$B$18/$AA$4 -> 0.0074493433
A24: c | B24: =$B$10*$B$21*EXP(-$B$10*($B$23-$B$20-$B$21-$B$8))/(1-EXP(-$B$10*($B$23-$B$21-$B$8))) -> 6.9251402e-06 | D24: ='Out2 for pureChar'!$A24 -> 6.75 | E24: ='Out2 for pureChar'!$B24 -> 0.00076109353 | F24: ='out2 for YC'!$B24 -> 0.00096634704 | I24: =I23+0.01 -> 0.175 | J24: =IF($I24>$B$23,0,1)*IF($I24<($B$23-$B$21),$B$10*EXP(-$B$10*($I24-$B$8)),$B$10*EXP(-$B$10*($B$23-$B$20-$B$21-$B$8)))/(1-EXP(-$B$10*($B$23-$B$21-$B$8)))*(1/(1+$B$24)) -> 1.4419678 | K24: =$J24*K$4+K25 -> 0.70306155 | L24: =$V24*$J24 -> 2.9611169e+16 | M24: =$K24/$L$4*$B$18 -> 751.77695 | N24: =IF($I24>$B$23,0,1)*IF($I24<($B$23-$B$21),0,M24) -> 0 | O24: =IF($I24>$B$23,0,1)*IF($I24<($B$23-$B$33),0,1)*IF($I24<($B$23-$B$21),$B$10*EXP(-$B$10*($I24-$B$8)),$B$10*EXP(-$B$10*($B$23-$B$20-$B$21-$B$8)))/(1-EXP(-$B$10*($B$23-$B$21-$B$8)))*(1/(1+$B$24))*($B$18/(SUM($L$7:$L$105)*0.05)) -> 0 | P24: =IF($I24>$B$23,0,1)*IF($I24<($B$23-$B$21),0,1)*$L24 -> 0 | R24: =$I24 -> 0.175 | S24: =IF($I24<$B$23+0.01,$B$10*EXP(-$B$10*($I24-$B$8))/(1-EXP(-$B$10*($B$23-$B$8))),0) -> 1.441977 | T24: =T25+$S24*0.01 -> 0.70305966 | U24: =T24*$B$18/$W$4 -> 5830.5369 | V24: =10^(1.5*$I24+16.05) -> 2.053525e+16 | W24: =$S24*$V24*0.01 -> 2.9611358e+14 | Y24: =I24 -> 0.175 | Z24: =IF(AND($Y24<$B$9+$B$27*$B$28,$Y24>$B$9-$B$27*$B$28),NORMDIST($Y24,$B$9,$B$27,0) / (2*NORMDIST($B$28,0,1,1)-1),0) -> 0 | AA24: =$V24*$Z24*$K$4 -> 0 | AB24: =Z24*$K$4+AB25 -> 1.0000236 | AC24: =$AB24*$B$18/$AA$4 -> 0.0074493433
B25: =1/$B$24 -> 144401.41 | D25: ='Out2 for pureChar'!$A25 -> 6.85 | E25: ='Out2 for pureChar'!$B25 -> 0.0012120594 | F25: ='out2 for YC'!$B25 -> 0.0014809869 | I25: =I24+0.01 -> 0.185 | J25: =IF($I25>$B$23,0,1)*IF($I25<($B$23-$B$21),$B$10*EXP(-$B$10*($I25-$B$8)),$B$10*EXP(-$B$10*($B$23-$B$20-$B$21-$B$8)))/(1-EXP(-$B$10*($B$23-$B$21-$B$8)))*(1/(1+$B$24)) -> 1.412393 | K25: =$J25*K$4+K26 -> 0.68864187 | L25: =$V25*$J25 -> 3.0023102e+16 | M25: =$K25/$L$4*$B$18 -> 736.35812 | N25: =IF($I25>$B$23,0,1)*IF($I25<($B$23-$B$21),0,M25) -> 0 | O25: =IF($I25>$B$23,0,1)*IF($I25<($B$23-$B$33),0,1)*IF($I25<($B$23-$B$21),$B$10*EXP(-$B$10*($I25-$B$8)),$B$10*EXP(-$B$10*($B$23-$B$20-$B$21-$B$8)))/(1-EXP(-$B$10*($B$23-$B$21-$B$8)))*(1/(1+$B$24))*($B$18/(SUM($L$7:$L$105)*0.05)) -> 0 | P25: =IF($I25>$B$23,0,1)*IF($I25<($B$23-$B$21),0,1)*$L25 -> 0 | R25: =$I25 -> 0.185 | S25: =IF($I25<$B$23+0.01,$B$10*EXP(-$B$10*($I25-$B$8))/(1-EXP(-$B$10*($B$23-$B$8))),0) -> 1.412402 | T25: =T26+$S25*0.01 -> 0.68863989 | U25: =T25*$B$18/$W$4 -> 5710.9525 | V25: =10^(1.5*$I25+16.05) -> 2.1256903e+16 | W25: =$S25*$V25*0.01 -> 3.0023293e+14 | Y25: =I25 -> 0.185 | Z25: =IF(AND($Y25<$B$9+$B$27*$B$28,$Y25>$B$9-$B$27*$B$28),NORMDIST($Y25,$B$9,$B$27,0) / (2*NORMDIST($B$28,0,1,1)-1),0) -> 0 | AA25: =$V25*$Z25*$K$4 -> 0 | AB25: =Z25*$K$4+AB26 -> 1.0000236 | AC25: =$AB25*$B$18/$AA$4 -> 0.0074493433
A26: mm paramax model | D26: ='Out2 for pureChar'!$A26 -> 6.95 | E26: ='Out2 for pureChar'!$B26 -> 0.0015109255 | F26: ='out2 for YC'!$B26 -> 0.0014809869 | I26: =I25+0.01 -> 0.195 | J26: =IF($I26>$B$23,0,1)*IF($I26<($B$23-$B$21),$B$10*EXP(-$B$10*($I26-$B$8)),$B$10*EXP(-$B$10*($B$23-$B$20-$B$21-$B$8)))/(1-EXP(-$B$10*($B$23-$B$21-$B$8)))*(1/(1+$B$24)) -> 1.3834248 | K26: =$J26*K$4+K27 -> 0.67451794 | L26: =$V26*$J26 -> 3.0440765e+16 | M26: =$K26/$L$4*$B$18 -> 721.25554 | N26: =IF($I26>$B$23,0,1)*IF($I26<($B$23-$B$21),0,M26) -> 0 | O26: =IF($I26>$B$23,0,1)*IF($I26<($B$23-$B$33),0,1)*IF($I26<($B$23-$B$21),$B$10*EXP(-$B$10*($I26-$B$8)),$B$10*EXP(-$B$10*($B$23-$B$20-$B$21-$B$8)))/(1-EXP(-$B$10*($B$23-$B$21-$B$8)))*(1/(1+$B$24))*($B$18/(SUM($L$7:$L$105)*0.05)) -> 0 | P26: =IF($I26>$B$23,0,1)*IF($I26<($B$23-$B$21),0,1)*$L26 -> 0 | R26: =$I26 -> 0.195 | S26: =IF($I26<$B$23+0.01,$B$10*EXP(-$B$10*($I26-$B$8))/(1-EXP(-$B$10*($B$23-$B$8))),0) -> 1.3834336 | T26: =T27+$S26*0.01 -> 0.67451587 | U26: =T26*$B$18/$W$4 -> 5593.8207 | V26: =10^(1.5*$I26+16.05) -> 2.2003917e+16 | W26: =$S26*$V26*0.01 -> 3.0440959e+14 | Y26: =I26 -> 0.195 | Z26: =IF(AND($Y26<$B$9+$B$27*$B$28,$Y26>$B$9-$B$27*$B$28),NORMDIST($Y26,$B$9,$B$27,0) / (2*NORMDIST($B$28,0,1,1)-1),0) -> 0 | AA26: =$V26*$Z26*$K$4 -> 0 | AB26: =Z26*$K$4+AB27 -> 1.0000236 | AC26: =$AB26*$B$18/$AA$4 -> 0.0074493433
A27: Sigma Mag | B27: 0.2 | D27: ='Out2 for pureChar'!$A27 -> 7.05 | E27: ='Out2 for pureChar'!$B27 -> 0.0014743744 | F27: ='out2 for YC'!$B27 -> 0.0014809869 | I27: =I26+0.01 -> 0.205 | J27: =IF($I27>$B$23,0,1)*IF($I27<($B$23-$B$21),$B$10*EXP(-$B$10*($I27-$B$8)),$B$10*EXP(-$B$10*($B$23-$B$20-$B$21-$B$8)))/(1-EXP(-$B$10*($B$23-$B$21-$B$8)))*(1/(1+$B$24)) -> 1.3550507 | K27: =$J27*K$4+K28 -> 0.66068369 | L27: =$V27*$J27 -> 3.0864238e+16 | M27: =$K27/$L$4*$B$18 -> 706.46271 | N27: =IF($I27>$B$23,0,1)*IF($I27<($B$23-$B$21),0,M27) -> 0 | O27: =IF($I27>$B$23,0,1)*IF($I27<($B$23-$B$33),0,1)*IF($I27<($B$23-$B$21),$B$10*EXP(-$B$10*($I27-$B$8)),$B$10*EXP(-$B$10*($B$23-$B$20-$B$21-$B$8)))/(1-EXP(-$B$10*($B$23-$B$21-$B$8)))*(1/(1+$B$24))*($B$18/(SUM($L$7:$L$105)*0.05)) -> 0 | P27: =IF($I27>$B$23,0,1)*IF($I27<($B$23-$B$21),0,1)*$L27 -> 0 | R27: =$I27 -> 0.205 | S27: =IF($I27<$B$23+0.01,$B$10*EXP(-$B$10*($I27-$B$8))/(1-EXP(-$B$10*($B$23-$B$8))),0) -> 1.3550594 | T27: =T28+$S27*0.01 -> 0.66068153 | U27: =T27*$B$18/$W$4 -> 5479.0913 | V27: =10^(1.5*$I27+16.05) -> 2.2777182e+16 | W27: =$S27*$V27*0.01 -> 3.0864435e+14 | Y27: =I27 -> 0.205 | Z27: =IF(AND($Y27<$B$9+$B$27*$B$28,$Y27>$B$9-$B$27*$B$28),NORMDIST($Y27,$B$9,$B$27,0) / (2*NORMDIST($B$28,0,1,1)-1),0) -> 0 | AA27: =$V27*$Z27*$K$4 -> 0 | AB27: =Z27*$K$4+AB28 -> 1.0000236 | AC27: =$AB27*$B$18/$AA$4 -> 0.0074493433
A28: truncate (n sigma) | B28: 2 | D28: ='Out2 for pureChar'!$A28 -> 7.15 | E28: ='Out2 for pureChar'!$B28 -> 0.0011262031 | F28: ='out2 for YC'!$B28 -> 0.0014809869 | I28: =I27+0.01 -> 0.215 | J28: =IF($I28>$B$23,0,1)*IF($I28<($B$23-$B$21),$B$10*EXP(-$B$10*($I28-$B$8)),$B$10*EXP(-$B$10*($B$23-$B$20-$B$21-$B$8)))/(1-EXP(-$B$10*($B$23-$B$21-$B$8)))*(1/(1+$B$24)) -> 1.3272586 | K28: =$J28*K$4+K29 -> 0.64713318 | L28: =$V28*$J28 -> 3.1293602e+16 | M28: =$K28/$L$4*$B$18 -> 691.97329 | N28: =IF($I28>$B$23,0,1)*IF($I28<($B$23-$B$21),0,M28) -> 0 | O28: =IF($I28>$B$23,0,1)*IF($I28<($B$23-$B$33),0,1)*IF($I28<($B$23-$B$21),$B$10*EXP(-$B$10*($I28-$B$8)),$B$10*EXP(-$B$10*($B$23-$B$20-$B$21-$B$8)))/(1-EXP(-$B$10*($B$23-$B$21-$B$8)))*(1/(1+$B$24))*($B$18/(SUM($L$7:$L$105)*0.05)) -> 0 | P28: =IF($I28>$B$23,0,1)*IF($I28<($B$23-$B$21),0,1)*$L28 -> 0 | R28: =$I28 -> 0.215 | S28: =IF($I28<$B$23+0.01,$B$10*EXP(-$B$10*($I28-$B$8))/(1-EXP(-$B$10*($B$23-$B$8))),0) -> 1.3272671 | T28: =T29+$S28*0.01 -> 0.64713094 | U28: =T28*$B$18/$W$4 -> 5366.715 | V28: =10^(1.5*$I28+16.05) -> 2.3577622e+16 | W28: =$S28*$V28*0.01 -> 3.1293802e+14 | Y28: =I28 -> 0.215 | Z28: =IF(AND($Y28<$B$9+$B$27*$B$28,$Y28>$B$9-$B$27*$B$28),NORMDIST($Y28,$B$9,$B$27,0) / (2*NORMDIST($B$28,0,1,1)-1),0) -> 0 | AA28: =$V28*$Z28*$K$4 -> 0 | AB28: =Z28*$K$4+AB29 -> 1.0000236 | AC28: =$AB28*$B$18/$AA$4 -> 0.0074493433
D29: ='Out2 for pureChar'!$A29 -> 7.25 | E29: ='Out2 for pureChar'!$B29 -> 0.00067337162 | F29: ='out2 for YC'!$B29 -> 0.00059239476 | I29: =I28+0.01 -> 0.225 | J29: =IF($I29>$B$23,0,1)*IF($I29<($B$23-$B$21),$B$10*EXP(-$B$10*($I29-$B$8)),$B$10*EXP(-$B$10*($B$23-$B$20-$B$21-$B$8)))/(1-EXP(-$B$10*($B$23-$B$21-$B$8)))*(1/(1+$B$24)) -> 1.3000365 | K29: =$J29*K$4+K30 -> 0.6338606 | L29: =$V29*$J29 -> 3.1728939e+16 | M29: =$K29/$L$4*$B$18 -> 677.78104 | N29: =IF($I29>$B$23,0,1)*IF($I29<($B$23-$B$21),0,M29) -> 0 | O29: =IF($I29>$B$23,0,1)*IF($I29<($B$23-$B$33),0,1)*IF($I29<($B$23-$B$21),$B$10*EXP(-$B$10*($I29-$B$8)),$B$10*EXP(-$B$10*($B$23-$B$20-$B$21-$B$8)))/(1-EXP(-$B$10*($B$23-$B$21-$B$8)))*(1/(1+$B$24))*($B$18/(SUM($L$7:$L$105)*0.05)) -> 0 | P29: =IF($I29>$B$23,0,1)*IF($I29<($B$23-$B$21),0,1)*$L29 -> 0 | R29: =$I29 -> 0.225 | S29: =IF($I29<$B$23+0.01,$B$10*EXP(-$B$10*($I29-$B$8))/(1-EXP(-$B$10*($B$23-$B$8))),0) -> 1.3000448 | T29: =T30+$S29*0.01 -> 0.63385827 | U29: =T29*$B$18/$W$4 -> 5256.6436 | V29: =10^(1.5*$I29+16.05) -> 2.4406191e+16 | W29: =$S29*$V29*0.01 -> 3.1729142e+14 | Y29: =I29 -> 0.225 | Z29: =IF(AND($Y29<$B$9+$B$27*$B$28,$Y29>$B$9-$B$27*$B$28),NORMDIST($Y29,$B$9,$B$27,0) / (2*NORMDIST($B$28,0,1,1)-1),0) -> 0 | AA29: =$V29*$Z29*$K$4 -> 0 | AB29: =Z29*$K$4+AB30 -> 1.0000236 | AC29: =$AB29*$B$18/$AA$4 -> 0.0074493433
A30: char eqk Rec | B30: =1/(MAX(N7:N901)) -> 135.04508 | D30: ='Out2 for pureChar'!$A30 -> 7.35 | E30: ='Out2 for pureChar'!$B30 -> 0.0002950987 | F30: ='out2 for YC'!$B30 -> 0 | I30: =I29+0.01 -> 0.235 | J30: =IF($I30>$B$23,0,1)*IF($I30<($B$23-$B$21),$B$10*EXP(-$B$10*($I30-$B$8)),$B$10*EXP(-$B$10*($B$23-$B$20-$B$21-$B$8)))/(1-EXP(-$B$10*($B$23-$B$21-$B$8)))*(1/(1+$B$24)) -> 1.2733728 | K30: =$J30*K$4+K31 -> 0.62086023 | L30: =$V30*$J30 -> 3.2170333e+16 | M30: =$K30/$L$4*$B$18 -> 663.87987 | N30: =IF($I30>$B$23,0,1)*IF($I30<($B$23-$B$21),0,M30) -> 0 | O30: =IF($I30>$B$23,0,1)*IF($I30<($B$23-$B$33),0,1)*IF($I30<($B$23-$B$21),$B$10*EXP(-$B$10*($I30-$B$8)),$B$10*EXP(-$B$10*($B$23-$B$20-$B$21-$B$8)))/(1-EXP(-$B$10*($B$23-$B$21-$B$8)))*(1/(1+$B$24))*($B$18/(SUM($L$7:$L$105)*0.05)) -> 0 | P30: =IF($I30>$B$23,0,1)*IF($I30<($B$23-$B$21),0,1)*$L30 -> 0 | R30: =$I30 -> 0.235 | S30: =IF($I30<$B$23+0.01,$B$10*EXP(-$B$10*($I30-$B$8))/(1-EXP(-$B$10*($B$23-$B$8))),0) -> 1.2733809 | T30: =T31+$S30*0.01 -> 0.62085782 | U30: =T30*$B$18/$W$4 -> 5148.8297 | V30: =10^(1.5*$I30+16.05) -> 2.5263877e+16 | W30: =$S30*$V30*0.01 -> 3.2170538e+14 | Y30: =I30 -> 0.235 | Z30: =IF(AND($Y30<$B$9+$B$27*$B$28,$Y30>$B$9-$B$27*$B$28),NORMDIST($Y30,$B$9,$B$27,0) / (2*NORMDIST($B$28,0,1,1)-1),0) -> 0 | AA30: =$V30*$Z30*$K$4 -> 0 | AB30: =Z30*$K$4+AB31 -> 1.0000236 | AC30: =$AB30*$B$18/$AA$4 -> 0.0074493433
A31: moment for density func | B31: =SUM(L7:L1819)*0.01 -> 2.9627125e+21 | D31: ='Out2 for pureChar'!$A31 -> 7.45 | E31: ='Out2 for pureChar'!$B31 -> 0 | F31: ='out2 for YC'!$B31 -> 0 | I31: =I30+0.01 -> 0.245 | J31: =IF($I31>$B$23,0,1)*IF($I31<($B$23-$B$21),$B$10*EXP(-$B$10*($I31-$B$8)),$B$10*EXP(-$B$10*($B$23-$B$20-$B$21-$B$8)))/(1-EXP(-$B$10*($B$23-$B$21-$B$8)))*(1/(1+$B$24)) -> 1.2472559 | K31: =$J31*K$4+K32 -> 0.6081265 | L31: =$V31*$J31 -> 3.2617867e+16 | M31: =$K31/$L$4*$B$18 -> 650.26382 | N31: =IF($I31>$B$23,0,1)*IF($I31<($B$23-$B$21),0,M31) -> 0 | O31: =IF($I31>$B$23,0,1)*IF($I31<($B$23-$B$33),0,1)*IF($I31<($B$23-$B$21),$B$10*EXP(-$B$10*($I31-$B$8)),$B$10*EXP(-$B$10*($B$23-$B$20-$B$21-$B$8)))/(1-EXP(-$B$10*($B$23-$B$21-$B$8)))*(1/(1+$B$24))*($B$18/(SUM($L$7:$L$105)*0.05)) -> 0 | P31: =IF($I31>$B$23,0,1)*IF($I31<($B$23-$B$21),0,1)*$L31 -> 0 | R31: =$I31 -> 0.245 | S31: =IF($I31<$B$23+0.01,$B$10*EXP(-$B$10*($I31-$B$8))/(1-EXP(-$B$10*($B$23-$B$8))),0) -> 1.2472638 | T31: =T32+$S31*0.01 -> 0.60812401 | U31: =T31*$B$18/$W$4 -> 5043.2271 | V31: =10^(1.5*$I31+16.05) -> 2.6151704e+16 | W31: =$S31*$V31*0.01 -> 3.2618075e+14 | Y31: =I31 -> 0.245 | Z31: =IF(AND($Y31<$B$9+$B$27*$B$28,$Y31>$B$9-$B$27*$B$28),NORMDIST($Y31,$B$9,$B$27,0) / (2*NORMDIST($B$28,0,1,1)-1),0) -> 0 | AA31: =$V31*$Z31*$K$4 -> 0 | AB31: =Z31*$K$4+AB32 -> 1.0000236 | AC31: =$AB31*$B$18/$AA$4 -> 0.0074493433
A32: Rec (mu-dm4) | B32: =1/(SUM($O$7:$O$903)*0.05) -> 0.0022449953 | D32: ='Out2 for pureChar'!$A32 -> 7.55 | E32: ='Out2 for pureChar'!$B32 -> 0 | F32: ='out2 for YC'!$B32 -> 0 | I32: =I31+0.01 -> 0.255 | J32: =IF($I32>$B$23,0,1)*IF($I32<($B$23-$B$21),$B$10*EXP(-$B$10*($I32-$B$8)),$B$10*EXP(-$B$10*($B$23-$B$20-$B$21-$B$8)))/(1-EXP(-$B$10*($B$23-$B$21-$B$8)))*(1/(1+$B$24)) -> 1.2216746 | K32: =$J32*K$4+K33 -> 0.59565394 | L32: =$V32*$J32 -> 3.3071627e+16 | M32: =$K32/$L$4*$B$18 -> 636.92703 | N32: =IF($I32>$B$23,0,1)*IF($I32<($B$23-$B$21),0,M32) -> 0 | O32: =IF($I32>$B$23,0,1)*IF($I32<($B$23-$B$33),0,1)*IF($I32<($B$23-$B$21),$B$10*EXP(-$B$10*($I32-$B$8)),$B$10*EXP(-$B$10*($B$23-$B$20-$B$21-$B$8)))/(1-EXP(-$B$10*($B$23-$B$21-$B$8)))*(1/(1+$B$24))*($B$18/(SUM($L$7:$L$105)*0.05)) -> 0 | P32: =IF($I32>$B$23,0,1)*IF($I32<($B$23-$B$21),0,1)*$L32 -> 0 | R32: =$I32 -> 0.255 | S32: =IF($I32<$B$23+0.01,$B$10*EXP(-$B$10*($I32-$B$8))/(1-EXP(-$B$10*($B$23-$B$8))),0) -> 1.2216824 | T32: =T33+$S32*0.01 -> 0.59565137 | U32: =T32*$B$18/$W$4 -> 4939.7903 | V32: =10^(1.5*$I32+16.05) -> 2.7070732e+16 | W32: =$S32*$V32*0.01 -> 3.3071838e+14 | Y32: =I32 -> 0.255 | Z32: =IF(AND($Y32<$B$9+$B$27*$B$28,$Y32>$B$9-$B$27*$B$28),NORMDIST($Y32,$B$9,$B$27,0) / (2*NORMDIST($B$28,0,1,1)-1),0) -> 0 | AA32: =$V32*$Z32*$K$4 -> 0 | AB32: =Z32*$K$4+AB33 -> 1.0000236 | AC32: =$AB32*$B$18/$AA$4 -> 0.0074493433
A33: delta m4 | B33: 0.5 | D33: ='Out2 for pureChar'!$A33 -> 7.65 | E33: ='Out2 for pureChar'!$B33 -> 0 | F33: ='out2 for YC'!$B33 -> 0 | I33: =I32+0.01 -> 0.265 | J33: =IF($I33>$B$23,0,1)*IF($I33<($B$23-$B$21),$B$10*EXP(-$B$10*($I33-$B$8)),$B$10*EXP(-$B$10*($B$23-$B$20-$B$21-$B$8)))/(1-EXP(-$B$10*($B$23-$B$21-$B$8)))*(1/(1+$B$24)) -> 1.1966181 | K33: =$J33*K$4+K34 -> 0.5834372 | L33: =$V33*$J33 -> 3.3531699e+16 | M33: =$K33/$L$4*$B$18 -> 623.86378 | N33: =IF($I33>$B$23,0,1)*IF($I33<($B$23-$B$21),0,M33) -> 0 | O33: =IF($I33>$B$23,0,1)*IF($I33<($B$23-$B$33),0,1)*IF($I33<($B$23-$B$21),$B$10*EXP(-$B$10*($I33-$B$8)),$B$10*EXP(-$B$10*($B$23-$B$20-$B$21-$B$8)))/(1-EXP(-$B$10*($B$23-$B$21-$B$8)))*(1/(1+$B$24))*($B$18/(SUM($L$7:$L$105)*0.05)) -> 0 | P33: =IF($I33>$B$23,0,1)*IF($I33<($B$23-$B$21),0,1)*$L33 -> 0 | R33: =$I33 -> 0.265 | S33: =IF($I33<$B$23+0.01,$B$10*EXP(-$B$10*($I33-$B$8))/(1-EXP(-$B$10*($B$23-$B$8))),0) -> 1.1966257 | T33: =T34+$S33*0.01 -> 0.58343455 | U33: =T33*$B$18/$W$4 -> 4838.4751 | V33: =10^(1.5*$I33+16.05) -> 2.8022056e+16 | W33: =$S33*$V33*0.01 -> 3.3531913e+14 | Y33: =I33 -> 0.265 | Z33: =IF(AND($Y33<$B$9+$B$27*$B$28,$Y33>$B$9-$B$27*$B$28),NORMDIST($Y33,$B$9,$B$27,0) / (2*NORMDIST($B$28,0,1,1)-1),0) -> 0 | AA33: =$V33*$Z33*$K$4 -> 0 | AB33: =Z33*$K$4+AB34 -> 1.0000236 | AC33: =$AB33*$B$18/$AA$4 -> 0.0074493433
D34: ='Out2 for pureChar'!$A34 -> 7.75 | E34: ='Out2 for pureChar'!$B34 -> 0 | F34: ='out2 for YC'!$B34 -> 0 | I34: =I33+0.01 -> 0.275 | J34: =IF($I34>$B$23,0,1)*IF($I34<($B$23-$B$21),$B$10*EXP(-$B$10*($I34-$B$8)),$B$10*EXP(-$B$10*($B$23-$B$20-$B$21-$B$8)))/(1-EXP(-$B$10*($B$23-$B$21-$B$8)))*(1/(1+$B$24)) -> 1.1720754 | K34: =$J34*K$4+K35 -> 0.57147102 | L34: =$V34*$J34 -> 3.3998171e+16 | M34: =$K34/$L$4*$B$18 -> 611.06846 | N34: =IF($I34>$B$23,0,1)*IF($I34<($B$23-$B$21),0,M34) -> 0 | O34: =IF($I34>$B$23,0,1)*IF($I34<($B$23-$B$33),0,1)*IF($I34<($B$23-$B$21),$B$10*EXP(-$B$10*($I34-$B$8)),$B$10*EXP(-$B$10*($B$23-$B$20-$B$21-$B$8)))/(1-EXP(-$B$10*($B$23-$B$21-$B$8)))*(1/(1+$B$24))*($B$18/(SUM($L$7:$L$105)*0.05)) -> 0 | P34: =IF($I34>$B$23,0,1)*IF($I34<($B$23-$B$21),0,1)*$L34 -> 0 | R34: =$I34 -> 0.275 | S34: =IF($I34<$B$23+0.01,$B$10*EXP(-$B$10*($I34-$B$8))/(1-EXP(-$B$10*($B$23-$B$8))),0) -> 1.1720829 | T34: =T35+$S34*0.01 -> 0.57146829 | U34: =T34*$B$18/$W$4 -> 4739.2379 | V34: =10^(1.5*$I34+16.05) -> 2.9006812e+16 | W34: =$S34*$V34*0.01 -> 3.3998388e+14 | Y34: =I34 -> 0.275 | Z34: =IF(AND($Y34<$B$9+$B$27*$B$28,$Y34>$B$9-$B$27*$B$28),NORMDIST($Y34,$B$9,$B$27,0) / (2*NORMDIST($B$28,0,1,1)-1),0) -> 0 | AA34: =$V34*$Z34*$K$4 -> 0 | AB34: =Z34*$K$4+AB35 -> 1.0000236 | AC34: =$AB34*$B$18/$AA$4 -> 0.0074493433
B35: =B18/B31 -> 1069.2904 | D35: ='Out2 for pureChar'!$A35 -> 7.85 | E35: ='Out2 for pureChar'!$B35 -> 0 | F35: ='out2 for YC'!$B35 -> 0 | I35: =I34+0.01 -> 0.285 | J35: =IF($I35>$B$23,0,1)*IF($I35<($B$23-$B$21),$B$10*EXP(-$B$10*($I35-$B$8)),$B$10*EXP(-$B$10*($B$23-$B$20-$B$21-$B$8)))/(1-EXP(-$B$10*($B$23-$B$21-$B$8)))*(1/(1+$B$24)) -> 1.1480361 | K35: =$J35*K$4+K36 -> 0.55975026 | L35: =$V35*$J35 -> 3.4471133e+16 | M35: =$K35/$L$4*$B$18 -> 598.53557 | N35: =IF($I35>$B$23,0,1)*IF($I35<($B$23-$B$21),0,M35) -> 0 | O35: =IF($I35>$B$23,0,1)*IF($I35<($B$23-$B$33),0,1)*IF($I35<($B$23-$B$21),$B$10*EXP(-$B$10*($I35-$B$8)),$B$10*EXP(-$B$10*($B$23-$B$20-$B$21-$B$8)))/(1-EXP(-$B$10*($B$23-$B$21-$B$8)))*(1/(1+$B$24))*($B$18/(SUM($L$7:$L$105)*0.05)) -> 0 | P35: =IF($I35>$B$23,0,1)*IF($I35<($B$23-$B$21),0,1)*$L35 -> 0 | R35: =$I35 -> 0.285 | S35: =IF($I35<$B$23+0.01,$B$10*EXP(-$B$10*($I35-$B$8))/(1-EXP(-$B$10*($B$23-$B$8))),0) -> 1.1480435 | T35: =T36+$S35*0.01 -> 0.55974746 | U35: =T35*$B$18/$W$4 -> 4642.036 | V35: =10^(1.5*$I35+16.05) -> 3.0026174e+16 | W35: =$S35*$V35*0.01 -> 3.4471353e+14 | Y35: =I35 -> 0.285 | Z35: =IF(AND($Y35<$B$9+$B$27*$B$28,$Y35>$B$9-$B$27*$B$28),NORMDIST($Y35,$B$9,$B$27,0) / (2*NORMDIST($B$28,0,1,1)-1),0) -> 0 | AA35: =$V35*$Z35*$K$4 -> 0 | AB35: =Z35*$K$4+AB36 -> 1.0000236 | AC35: =$AB35*$B$18/$AA$4 -> 0.0074493433
D36: ='Out2 for pureChar'!$A36 -> 7.95 | E36: ='Out2 for pureChar'!$B36 -> 0 | F36: ='out2 for YC'!$B36 -> 0 | I36: =I35+0.01 -> 0.295 | J36: =IF($I36>$B$23,0,1)*IF($I36<($B$23-$B$21),$B$10*EXP(-$B$10*($I36-$B$8)),$B$10*EXP(-$B$10*($B$23-$B$20-$B$21-$B$8)))/(1-EXP(-$B$10*($B$23-$B$21-$B$8)))*(1/(1+$B$24)) -> 1.1244899 | K36: =$J36*K$4+K37 -> 0.5482699 | L36: =$V36*$J36 -> 3.4950674e+16 | M36: =$K36/$L$4*$B$18 -> 586.25973 | N36: =IF($I36>$B$23,0,1)*IF($I36<($B$23-$B$21),0,M36) -> 0 | O36: =IF($I36>$B$23,0,1)*IF($I36<($B$23-$B$33),0,1)*IF($I36<($B$23-$B$21),$B$10*EXP(-$B$10*($I36-$B$8)),$B$10*EXP(-$B$10*($B$23-$B$20-$B$21-$B$8)))/(1-EXP(-$B$10*($B$23-$B$21-$B$8)))*(1/(1+$B$24))*($B$18/(SUM($L$7:$L$105)*0.05)) -> 0 | P36: =IF($I36>$B$23,0,1)*IF($I36<($B$23-$B$21),0,1)*$L36 -> 0 | R36: =$I36 -> 0.295 | S36: =IF($I36<$B$23+0.01,$B$10*EXP(-$B$10*($I36-$B$8))/(1-EXP(-$B$10*($B$23-$B$8))),0) -> 1.1244971 | T36: =T37+$S36*0.01 -> 0.54826703 | U36: =T36*$B$18/$W$4 -> 4546.8277 | V36: =10^(1.5*$I36+16.05) -> 3.1081359e+16 | W36: =$S36*$V36*0.01 -> 3.4950897e+14 | Y36: =I36 -> 0.295 | Z36: =IF(AND($Y36<$B$9+$B$27*$B$28,$Y36>$B$9-$B$27*$B$28),NORMDIST($Y36,$B$9,$B$27,0) / (2*NORMDIST($B$28,0,1,1)-1),0) -> 0 | AA36: =$V36*$Z36*$K$4 -> 0 | AB36: =Z36*$K$4+AB37 -> 1.0000236 | AC36: =$AB36*$B$18/$AA$4 -> 0.0074493433
D37: ='Out2 for pureChar'!$A37 -> 8.05 | E37: ='Out2 for pureChar'!$B37 -> 0 | F37: ='out2 for YC'!$B37 -> 0 | I37: =I36+0.01 -> 0.305 | J37: =IF($I37>$B$23,0,1)*IF($I37<($B$23-$B$21),$B$10*EXP(-$B$10*($I37-$B$8)),$B$10*EXP(-$B$10*($B$23-$B$20-$B$21-$B$8)))/(1-EXP(-$B$10*($B$23-$B$21-$B$8)))*(1/(1+$B$24)) -> 1.1014266 | K37: =$J37*K$4+K38 -> 0.537025 | L37: =$V37*$J37 -> 3.5436886e+16 | M37: =$K37/$L$4*$B$18 -> 574.23567 | N37: =IF($I37>$B$23,0,1)*IF($I37<($B$23-$B$21),0,M37) -> 0 | O37: =IF($I37>$B$23,0,1)*IF($I37<($B$23-$B$33),0,1)*IF($I37<($B$23-$B$21),$B$10*EXP(-$B$10*($I37-$B$8)),$B$10*EXP(-$B$10*($B$23-$B$20-$B$21-$B$8)))/(1-EXP(-$B$10*($B$23-$B$21-$B$8)))*(1/(1+$B$24))*($B$18/(SUM($L$7:$L$105)*0.05)) -> 0 | P37: =IF($I37>$B$23,0,1)*IF($I37<($B$23-$B$21),0,1)*$L37 -> 0 | R37: =$I37 -> 0.305 | S37: =IF($I37<$B$23+0.01,$B$10*EXP(-$B$10*($I37-$B$8))/(1-EXP(-$B$10*($B$23-$B$8))),0) -> 1.1014336 | T37: =T38+$S37*0.01 -> 0.53702205 | U37: =T37*$B$18/$W$4 -> 4453.5722 | V37: =10^(1.5*$I37+16.05) -> 3.2173625e+16 | W37: =$S37*$V37*0.01 -> 3.5437113e+14 | Y37: =I37 -> 0.305 | Z37: =IF(AND($Y37<$B$9+$B$27*$B$28,$Y37>$B$9-$B$27*$B$28),NORMDIST($Y37,$B$9,$B$27,0) / (2*NORMDIST($B$28,0,1,1)-1),0) -> 0 | AA37: =$V37*$Z37*$K$4 -> 0 | AB37: =Z37*$K$4+AB38 -> 1.0000236 | AC37: =$AB37*$B$18/$AA$4 -> 0.0074493433
A38: Exp | B38: =SUM(L7:L106)*0.02 -> 1.0034312e+17 | D38: ='Out2 for pureChar'!$A38 -> 8.15 | E38: ='Out2 for pureChar'!$B38 -> 0 | F38: ='out2 for YC'!$B38 -> 0 | I38: =I37+0.01 -> 0.315 | J38: =IF($I38>$B$23,0,1)*IF($I38<($B$23-$B$21),$B$10*EXP(-$B$10*($I38-$B$8)),$B$10*EXP(-$B$10*($B$23-$B$20-$B$21-$B$8)))/(1-EXP(-$B$10*($B$23-$B$21-$B$8)))*(1/(1+$B$24)) -> 1.0788363 | K38: =$J38*K$4+K39 -> 0.52601074 | L38: =$V38*$J38 -> 3.5929863e+16 | M38: =$K38/$L$4*$B$18 -> 562.45822 | N38: =IF($I38>$B$23,0,1)*IF($I38<($B$23-$B$21),0,M38) -> 0 | O38: =IF($I38>$B$23,0,1)*IF($I38<($B$23-$B$33),0,1)*IF($I38<($B$23-$B$21),$B$10*EXP(-$B$10*($I38-$B$8)),$B$10*EXP(-$B$10*($B$23-$B$20-$B$21-$B$8)))/(1-EXP(-$B$10*($B$23-$B$21-$B$8)))*(1/(1+$B$24))*($B$18/(SUM($L$7:$L$105)*0.05)) -> 0 | P38: =IF($I38>$B$23,0,1)*IF($I38<($B$23-$B$21),0,1)*$L38 -> 0 | R38: =$I38 -> 0.315 | S38: =IF($I38<$B$23+0.01,$B$10*EXP(-$B$10*($I38-$B$8))/(1-EXP(-$B$10*($B$23-$B$8))),0) -> 1.0788432 | T38: =T39+$S38*0.01 -> 0.52600772 | U38: =T38*$B$18/$W$4 -> 4362.2293 | V38: =10^(1.5*$I38+16.05) -> 3.3304276e+16 | W38: =$S38*$V38*0.01 -> 3.5930092e+14 | Y38: =I38 -> 0.315 | Z38: =IF(AND($Y38<$B$9+$B$27*$B$28,$Y38>$B$9-$B$27*$B$28),NORMDIST($Y38,$B$9,$B$27,0) / (2*NORMDIST($B$28,0,1,1)-1),0) -> 0 | AA38: =$V38*$Z38*$K$4 -> 0 | AB38: =Z38*$K$4+AB39 -> 1.0000236 | AC38: =$AB38*$B$18/$AA$4 -> 0.0074493433
A39: Char | B39: =B31-B38 -> 2.9626122e+21 | D39: ='Out2 for pureChar'!$A39 -> 8.25 | E39: ='Out2 for pureChar'!$B39 -> 0 | F39: ='out2 for YC'!$B39 -> 0 | I39: =I38+0.01 -> 0.325 | J39: =IF($I39>$B$23,0,1)*IF($I39<($B$23-$B$21),$B$10*EXP(-$B$10*($I39-$B$8)),$B$10*EXP(-$B$10*($B$23-$B$20-$B$21-$B$8)))/(1-EXP(-$B$10*($B$23-$B$21-$B$8)))*(1/(1+$B$24)) -> 1.0567094 | K39: =$J39*K$4+K40 -> 0.51522237 | L39: =$V39*$J39 -> 3.6429697e+16 | M39: =$K39/$L$4*$B$18 -> 550.92233 | N39: =IF($I39>$B$23,0,1)*IF($I39<($B$23-$B$21),0,M39) -> 0 | O39: =IF($I39>$B$23,0,1)*IF($I39<($B$23-$B$33),0,1)*IF($I39<($B$23-$B$21),$B$10*EXP(-$B$10*($I39-$B$8)),$B$10*EXP(-$B$10*($B$23-$B$20-$B$21-$B$8)))/(1-EXP(-$B$10*($B$23-$B$21-$B$8)))*(1/(1+$B$24))*($B$18/(SUM($L$7:$L$105)*0.05)) -> 0 | P39: =IF($I39>$B$23,0,1)*IF($I39<($B$23-$B$21),0,1)*$L39 -> 0 | R39: =$I39 -> 0.325 | S39: =IF($I39<$B$23+0.01,$B$10*EXP(-$B$10*($I39-$B$8))/(1-EXP(-$B$10*($B$23-$B$8))),0) -> 1.0567161 | T39: =T40+$S39*0.01 -> 0.51521929 | U39: =T39*$B$18/$W$4 -> 4272.7598 | V39: =10^(1.5*$I39+16.05) -> 3.4474661e+16 | W39: =$S39*$V39*0.01 -> 3.6429929e+14 | Y39: =I39 -> 0.325 | Z39: =IF(AND($Y39<$B$9+$B$27*$B$28,$Y39>$B$9-$B$27*$B$28),NORMDIST($Y39,$B$9,$B$27,0) / (2*NORMDIST($B$28,0,1,1)-1),0) -> 0 | AA39: =$V39*$Z39*$K$4 -> 0 | AB39: =Z39*$K$4+AB40 -> 1.0000236 | AC39: =$AB39*$B$18/$AA$4 -> 0.0074493433
D40: ='Out2 for pureChar'!$A40 -> 8.35 | E40: ='Out2 for pureChar'!$B40 -> 0 | F40: ='out2 for YC'!$B40 -> 0 | I40: =I39+0.01 -> 0.335 | J40: =IF($I40>$B$23,0,1)*IF($I40<($B$23-$B$21),$B$10*EXP(-$B$10*($I40-$B$8)),$B$10*EXP(-$B$10*($B$23-$B$20-$B$21-$B$8)))/(1-EXP(-$B$10*($B$23-$B$21-$B$8)))*(1/(1+$B$24)) -> 1.0350362 | K40: =$J40*K$4+K41 -> 0.50465528 | L40: =$V40*$J40 -> 3.6936484e+16 | M40: =$K40/$L$4*$B$18 -> 539.62304 | N40: =IF($I40>$B$23,0,1)*IF($I40<($B$23-$B$21),0,M40) -> 0 | O40: =IF($I40>$B$23,0,1)*IF($I40<($B$23-$B$33),0,1)*IF($I40<($B$23-$B$21),$B$10*EXP(-$B$10*($I40-$B$8)),$B$10*EXP(-$B$10*($B$23-$B$20-$B$21-$B$8)))/(1-EXP(-$B$10*($B$23-$B$21-$B$8)))*(1/(1+$B$24))*($B$18/(SUM($L$7:$L$105)*0.05)) -> 0 | P40: =IF($I40>$B$23,0,1)*IF($I40<($B$23-$B$21),0,1)*$L40 -> 0 | R40: =$I40 -> 0.335 | S40: =IF($I40<$B$23+0.01,$B$10*EXP(-$B$10*($I40-$B$8))/(1-EXP(-$B$10*($B$23-$B$8))),0) -> 1.0350428 | T40: =T41+$S40*0.01 -> 0.50465213 | U40: =T40*$B$18/$W$4 -> 4185.1254 | V40: =10^(1.5*$I40+16.05) -> 3.5686175e+16 | W40: =$S40*$V40*0.01 -> 3.693672e+14 | Y40: =I40 -> 0.335 | Z40: =IF(AND($Y40<$B$9+$B$27*$B$28,$Y40>$B$9-$B$27*$B$28),NORMDIST($Y40,$B$9,$B$27,0) / (2*NORMDIST($B$28,0,1,1)-1),0) -> 0 | AA40: =$V40*$Z40*$K$4 -> 0 | AB40: =Z40*$K$4+AB41 -> 1.0000236 | AC40: =$AB40*$B$18/$AA$4 -> 0.0074493433
A41: fraction moment Char | B41: =$P$4/$L$4 -> 0.93626809 | D41: ='Out2 for pureChar'!$A41 -> 8.45 | E41: ='Out2 for pureChar'!$B41 -> 0 | F41: ='out2 for YC'!$B41 -> 0 | I41: =I40+0.01 -> 0.345 | J41: =IF($I41>$B$23,0,1)*IF($I41<($B$23-$B$21),$B$10*EXP(-$B$10*($I41-$B$8)),$B$10*EXP(-$B$10*($B$23-$B$20-$B$21-$B$8)))/(1-EXP(-$B$10*($B$23-$B$21-$B$8)))*(1/(1+$B$24)) -> 1.0138076 | K41: =$J41*K$4+K42 -> 0.49430492 | L41: =$V41*$J41 -> 3.7450322e+16 | M41: =$K41/$L$4*$B$18 -> 528.55549 | N41: =IF($I41>$B$23,0,1)*IF($I41<($B$23-$B$21),0,M41) -> 0 | O41: =IF($I41>$B$23,0,1)*IF($I41<($B$23-$B$33),0,1)*IF($I41<($B$23-$B$21),$B$10*EXP(-$B$10*($I41-$B$8)),$B$10*EXP(-$B$10*($B$23-$B$20-$B$21-$B$8)))/(1-EXP(-$B$10*($B$23-$B$21-$B$8)))*(1/(1+$B$24))*($B$18/(SUM($L$7:$L$105)*0.05)) -> 0 | P41: =IF($I41>$B$23,0,1)*IF($I41<($B$23-$B$21),0,1)*$L41 -> 0 | R41: =$I41 -> 0.345 | S41: =IF($I41<$B$23+0.01,$B$10*EXP(-$B$10*($I41-$B$8))/(1-EXP(-$B$10*($B$23-$B$8))),0) -> 1.0138141 | T41: =T42+$S41*0.01 -> 0.4943017 | U41: =T41*$B$18/$W$4 -> 4099.2884 | V41: =10^(1.5*$I41+16.05) -> 3.6940264e+16 | W41: =$S41*$V41*0.01 -> 3.7450561e+14 | Y41: =I41 -> 0.345 | Z41: =IF(AND($Y41<$B$9+$B$27*$B$28,$Y41>$B$9-$B$27*$B$28),NORMDIST($Y41,$B$9,$B$27,0) / (2*NORMDIST($B$28,0,1,1)-1),0) -> 0 | AA41: =$V41*$Z41*$K$4 -> 0 | AB41: =Z41*$K$4+AB42 -> 1.0000236 | AC41: =$AB41*$B$18/$AA$4 -> 0.0074493433
D42: ='Out2 for pureChar'!$A42 -> 8.55 | E42: ='Out2 for pureChar'!$B42 -> 0 | F42: ='out2 for YC'!$B42 -> 0 | I42: =I41+0.01 -> 0.355 | J42: =IF($I42>$B$23,0,1)*IF($I42<($B$23-$B$21),$B$10*EXP(-$B$10*($I42-$B$8)),$B$10*EXP(-$B$10*($B$23-$B$20-$B$21-$B$8)))/(1-EXP(-$B$10*($B$23-$B$21-$B$8)))*(1/(1+$B$24)) -> 0.99301442 | K42: =$J42*K$4+K43 -> 0.48416684 | L42: =$V42*$J42 -> 3.7971308e+16 | M42: =$K42/$L$4*$B$18 -> 517.71495 | N42: =IF($I42>$B$23,0,1)*IF($I42<($B$23-$B$21),0,M42) -> 0 | O42: =IF($I42>$B$23,0,1)*IF($I42<($B$23-$B$33),0,1)*IF($I42<($B$23-$B$21),$B$10*EXP(-$B$10*($I42-$B$8)),$B$10*EXP(-$B$10*($B$23-$B$20-$B$21-$B$8)))/(1-EXP(-$B$10*($B$23-$B$21-$B$8)))*(1/(1+$B$24))*($B$18/(SUM($L$7:$L$105)*0.05)) -> 0 | P42: =IF($I42>$B$23,0,1)*IF($I42<($B$23-$B$21),0,1)*$L42 -> 0 | R42: =$I42 -> 0.355 | S42: =IF($I42<$B$23+0.01,$B$10*EXP(-$B$10*($I42-$B$8))/(1-EXP(-$B$10*($B$23-$B$8))),0) -> 0.99302076 | T42: =T43+$S42*0.01 -> 0.48416356 | U42: =T42*$B$18/$W$4 -> 4015.2119 | V42: =10^(1.5*$I42+16.05) -> 3.8238425e+16 | W42: =$S42*$V42*0.01 -> 3.797155e+14 | Y42: =I42 -> 0.355 | Z42: =IF(AND($Y42<$B$9+$B$27*$B$28,$Y42>$B$9-$B$27*$B$28),NORMDIST($Y42,$B$9,$B$27,0) / (2*NORMDIST($B$28,0,1,1)-1),0) -> 0 | AA42: =$V42*$Z42*$K$4 -> 0 | AB42: =Z42*$K$4+AB43 -> 1.0000236 | AC42: =$AB42*$B$18/$AA$4 -> 0.0074493433
A43: To get this fract char | B43: deltaM1 | D43: ='Out2 for pureChar'!$A43 -> 8.65 | E43: ='Out2 for pureChar'!$B43 -> 0 | F43: ='out2 for YC'!$B43 -> 0 | I43: =I42+0.01 -> 0.365 | J43: =IF($I43>$B$23,0,1)*IF($I43<($B$23-$B$21),$B$10*EXP(-$B$10*($I43-$B$8)),$B$10*EXP(-$B$10*($B$23-$B$20-$B$21-$B$8)))/(1-EXP(-$B$10*($B$23-$B$21-$B$8)))*(1/(1+$B$24)) -> 0.97264768 | K43: =$J43*K$4+K44 -> 0.4742367 | L43: =$V43*$J43 -> 3.8499541e+16 | M43: =$K43/$L$4*$B$18 -> 507.09674 | N43: =IF($I43>$B$23,0,1)*IF($I43<($B$23-$B$21),0,M43) -> 0 | O43: =IF($I43>$B$23,0,1)*IF($I43<($B$23-$B$33),0,1)*IF($I43<($B$23-$B$21),$B$10*EXP(-$B$10*($I43-$B$8)),$B$10*EXP(-$B$10*($B$23-$B$20-$B$21-$B$8)))/(1-EXP(-$B$10*($B$23-$B$21-$B$8)))*(1/(1+$B$24))*($B$18/(SUM($L$7:$L$105)*0.05)) -> 0 | P43: =IF($I43>$B$23,0,1)*IF($I43<($B$23-$B$21),0,1)*$L43 -> 0 | R43: =$I43 -> 0.365 | S43: =IF($I43<$B$23+0.01,$B$10*EXP(-$B$10*($I43-$B$8))/(1-EXP(-$B$10*($B$23-$B$8))),0) -> 0.97265389 | T43: =T44+$S43*0.01 -> 0.47423335 | U43: =T43*$B$18/$W$4 -> 3932.8598 | V43: =10^(1.5*$I43+16.05) -> 3.9582206e+16 | W43: =$S43*$V43*0.01 -> 3.8499787e+14 | Y43: =I43 -> 0.365 | Z43: =IF(AND($Y43<$B$9+$B$27*$B$28,$Y43>$B$9-$B$27*$B$28),NORMDIST($Y43,$B$9,$B$27,0) / (2*NORMDIST($B$28,0,1,1)-1),0) -> 0 | AA43: =$V43*$Z43*$K$4 -> 0 | AB43: =Z43*$K$4+AB44 -> 1.0000236 | AC43: =$AB43*$B$18/$AA$4 -> 0.0074493433
A44: 0.9 | B44: 0.75 | I44: =I43+0.01 -> 0.375 | J44: =IF($I44>$B$23,0,1)*IF($I44<($B$23-$B$21),$B$10*EXP(-$B$10*($I44-$B$8)),$B$10*EXP(-$B$10*($B$23-$B$20-$B$21-$B$8)))/(1-EXP(-$B$10*($B$23-$B$21-$B$8)))*(1/(1+$B$24)) -> 0.95269866 | K44: =$J44*K$4+K45 -> 0.46451022 | L44: =$V44*$J44 -> 3.9035123e+16 | M44: =$K44/$L$4*$B$18 -> 496.69631 | N44: =IF($I44>$B$23,0,1)*IF($I44<($B$23-$B$21),0,M44) -> 0 | O44: =IF($I44>$B$23,0,1)*IF($I44<($B$23-$B$33),0,1)*IF($I44<($B$23-$B$21),$B$10*EXP(-$B$10*($I44-$B$8)),$B$10*EXP(-$B$10*($B$23-$B$20-$B$21-$B$8)))/(1-EXP(-$B$10*($B$23-$B$21-$B$8)))*(1/(1+$B$24))*($B$18/(SUM($L$7:$L$105)*0.05)) -> 0 | P44: =IF($I44>$B$23,0,1)*IF($I44<($B$23-$B$21),0,1)*$L44 -> 0 | R44: =$I44 -> 0.375 | S44: =IF($I44<$B$23+0.01,$B$10*EXP(-$B$10*($I44-$B$8))/(1-EXP(-$B$10*($B$23-$B$8))),0) -> 0.95270474 | T44: =T45+$S44*0.01 -> 0.46450681 | U44: =T44*$B$18/$W$4 -> 3852.1967 | V44: =10^(1.5*$I44+16.05) -> 4.0973211e+16 | W44: =$S44*$V44*0.01 -> 3.9035372e+14 | Y44: =I44 -> 0.375 | Z44: =IF(AND($Y44<$B$9+$B$27*$B$28,$Y44>$B$9-$B$27*$B$28),NORMDIST($Y44,$B$9,$B$27,0) / (2*NORMDIST($B$28,0,1,1)-1),0) -> 0 | AA44: =$V44*$Z44*$K$4 -> 0 | AB44: =Z44*$K$4+AB45 -> 1.0000236 | AC44: =$AB44*$B$18/$AA$4 -> 0.0074493433
A45: 0.94 | B45: 1 | I45: =I44+0.01 -> 0.385 | J45: =IF($I45>$B$23,0,1)*IF($I45<($B$23-$B$21),$B$10*EXP(-$B$10*($I45-$B$8)),$B$10*EXP(-$B$10*($B$23-$B$20-$B$21-$B$8)))/(1-EXP(-$B$10*($B$23-$B$21-$B$8)))*(1/(1+$B$24)) -> 0.9331588 | K45: =$J45*K$4+K46 -> 0.45498323 | L45: =$V45*$J45 -> 3.9578156e+16 | M45: =$K45/$L$4*$B$18 -> 486.5092 | N45: =IF($I45>$B$23,0,1)*IF($I45<($B$23-$B$21),0,M45) -> 0 | O45: =IF($I45>$B$23,0,1)*IF($I45<($B$23-$B$33),0,1)*IF($I45<($B$23-$B$21),$B$10*EXP(-$B$10*($I45-$B$8)),$B$10*EXP(-$B$10*($B$23-$B$20-$B$21-$B$8)))/(1-EXP(-$B$10*($B$23-$B$21-$B$8)))*(1/(1+$B$24))*($B$18/(SUM($L$7:$L$105)*0.05)) -> 0 | P45: =IF($I45>$B$23,0,1)*IF($I45<($B$23-$B$21),0,1)*$L45 -> 0 | R45: =$I45 -> 0.385 | S45: =IF($I45<$B$23+0.01,$B$10*EXP(-$B$10*($I45-$B$8))/(1-EXP(-$B$10*($B$23-$B$8))),0) -> 0.93316476 | T45: =T46+$S45*0.01 -> 0.45497976 | U45: =T45*$B$18/$W$4 -> 3773.1881 | V45: =10^(1.5*$I45+16.05) -> 4.2413098e+16 | W45: =$S45*$V45*0.01 -> 3.9578409e+14 | Y45: =I45 -> 0.385 | Z45: =IF(AND($Y45<$B$9+$B$27*$B$28,$Y45>$B$9-$B$27*$B$28),NORMDIST($Y45,$B$9,$B$27,0) / (2*NORMDIST($B$28,0,1,1)-1),0) -> 0 | AA45: =$V45*$Z45*$K$4 -> 0 | AB45: =Z45*$K$4+AB46 -> 1.0000236 | AC45: =$AB45*$B$18/$AA$4 -> 0.0074493433
A46: 0.97 | B46: 1.4 | I46: =I45+0.01 -> 0.395 | J46: =IF($I46>$B$23,0,1)*IF($I46<($B$23-$B$21),$B$10*EXP(-$B$10*($I46-$B$8)),$B$10*EXP(-$B$10*($B$23-$B$20-$B$21-$B$8)))/(1-EXP(-$B$10*($B$23-$B$21-$B$8)))*(1/(1+$B$24)) -> 0.9140197 | K46: =$J46*K$4+K47 -> 0.44565165 | L46: =$V46*$J46 -> 4.0128743e+16 | M46: =$K46/$L$4*$B$18 -> 476.53102 | N46: =IF($I46>$B$23,0,1)*IF($I46<($B$23-$B$21),0,M46) -> 0 | O46: =IF($I46>$B$23,0,1)*IF($I46<($B$23-$B$33),0,1)*IF($I46<($B$23-$B$21),$B$10*EXP(-$B$10*($I46-$B$8)),$B$10*EXP(-$B$10*($B$23-$B$20-$B$21-$B$8)))/(1-EXP(-$B$10*($B$23-$B$21-$B$8)))*(1/(1+$B$24))*($B$18/(SUM($L$7:$L$105)*0.05)) -> 0 | P46: =IF($I46>$B$23,0,1)*IF($I46<($B$23-$B$21),0,1)*$L46 -> 0 | R46: =$I46 -> 0.395 | S46: =IF($I46<$B$23+0.01,$B$10*EXP(-$B$10*($I46-$B$8))/(1-EXP(-$B$10*($B$23-$B$8))),0) -> 0.91402553 | T46: =T47+$S46*0.01 -> 0.44564811 | U46: =T46*$B$18/$W$4 -> 3695.7999 | V46: =10^(1.5*$I46+16.05) -> 4.3903587e+16 | W46: =$S46*$V46*0.01 -> 4.0128999e+14 | Y46: =I46 -> 0.395 | Z46: =IF(AND($Y46<$B$9+$B$27*$B$28,$Y46>$B$9-$B$27*$B$28),NORMDIST($Y46,$B$9,$B$27,0) / (2*NORMDIST($B$28,0,1,1)-1),0) -> 0 | AA46: =$V46*$Z46*$K$4 -> 0 | AB46: =Z46*$K$4+AB47 -> 1.0000236 | AC46: =$AB46*$B$18/$AA$4 -> 0.0074493433
I47: =I46+0.01 -> 0.405 | J47: =IF($I47>$B$23,0,1)*IF($I47<($B$23-$B$21),$B$10*EXP(-$B$10*($I47-$B$8)),$B$10*EXP(-$B$10*($B$23-$B$20-$B$21-$B$8)))/(1-EXP(-$B$10*($B$23-$B$21-$B$8)))*(1/(1+$B$24)) -> 0.89527314 | K47: =$J47*K$4+K48 -> 0.43651145 | L47: =$V47*$J47 -> 4.0686989e+16 | M47: =$K47/$L$4*$B$18 -> 466.75749 | N47: =IF($I47>$B$23,0,1)*IF($I47<($B$23-$B$21),0,M47) -> 0 | O47: =IF($I47>$B$23,0,1)*IF($I47<($B$23-$B$33),0,1)*IF($I47<($B$23-$B$21),$B$10*EXP(-$B$10*($I47-$B$8)),$B$10*EXP(-$B$10*($B$23-$B$20-$B$21-$B$8)))/(1-EXP(-$B$10*($B$23-$B$21-$B$8)))*(1/(1+$B$24))*($B$18/(SUM($L$7:$L$105)*0.05)) -> 0 | P47: =IF($I47>$B$23,0,1)*IF($I47<($B$23-$B$21),0,1)*$L47 -> 0 | R47: =$I47 -> 0.405 | S47: =IF($I47<$B$23+0.01,$B$10*EXP(-$B$10*($I47-$B$8))/(1-EXP(-$B$10*($B$23-$B$8))),0) -> 0.89527886 | T47: =T48+$S47*0.01 -> 0.43650786 | U47: =T47*$B$18/$W$4 -> 3619.9989 | V47: =10^(1.5*$I47+16.05) -> 4.5446454e+16 | W47: =$S47*$V47*0.01 -> 4.0687249e+14 | Y47: =I47 -> 0.405 | Z47: =IF(AND($Y47<$B$9+$B$27*$B$28,$Y47>$B$9-$B$27*$B$28),NORMDIST($Y47,$B$9,$B$27,0) / (2*NORMDIST($B$28,0,1,1)-1),0) -> 0 | AA47: =$V47*$Z47*$K$4 -> 0 | AB47: =Z47*$K$4+AB48 -> 1.0000236 | AC47: =$AB47*$B$18/$AA$4 -> 0.0074493433
A48: N(M>6.5) | B48: =M657 -> 0.0080156369 | I48: =I47+0.01 -> 0.415 | J48: =IF($I48>$B$23,0,1)*IF($I48<($B$23-$B$21),$B$10*EXP(-$B$10*($I48-$B$8)),$B$10*EXP(-$B$10*($B$23-$B$20-$B$21-$B$8)))/(1-EXP(-$B$10*($B$23-$B$21-$B$8)))*(1/(1+$B$24)) -> 0.87691108 | K48: =$J48*K$4+K49 -> 0.42755872 | L48: =$V48*$J48 -> 4.1253002e+16 | M48: =$K48/$L$4*$B$18 -> 457.18442 | N48: =IF($I48>$B$23,0,1)*IF($I48<($B$23-$B$21),0,M48) -> 0 | O48: =IF($I48>$B$23,0,1)*IF($I48<($B$23-$B$33),0,1)*IF($I48<($B$23-$B$21),$B$10*EXP(-$B$10*($I48-$B$8)),$B$10*EXP(-$B$10*($B$23-$B$20-$B$21-$B$8)))/(1-EXP(-$B$10*($B$23-$B$21-$B$8)))*(1/(1+$B$24))*($B$18/(SUM($L$7:$L$105)*0.05)) -> 0 | P48: =IF($I48>$B$23,0,1)*IF($I48<($B$23-$B$21),0,1)*$L48 -> 0 | R48: =$I48 -> 0.415 | S48: =IF($I48<$B$23+0.01,$B$10*EXP(-$B$10*($I48-$B$8))/(1-EXP(-$B$10*($B$23-$B$8))),0) -> 0.87691667 | T48: =T49+$S48*0.01 -> 0.42755507 | U48: =T48*$B$18/$W$4 -> 3545.7526 | V48: =10^(1.5*$I48+16.05) -> 4.7043541e+16 | W48: =$S48*$V48*0.01 -> 4.1253265e+14 | Y48: =I48 -> 0.415 | Z48: =IF(AND($Y48<$B$9+$B$27*$B$28,$Y48>$B$9-$B$27*$B$28),NORMDIST($Y48,$B$9,$B$27,0) / (2*NORMDIST($B$28,0,1,1)-1),0) -> 0 | AA48: =$V48*$Z48*$K$4 -> 0 | AB48: =Z48*$K$4+AB49 -> 1.0000236 | AC48: =$AB48*$B$18/$AA$4 -> 0.0074493433
I49: =I48+0.01 -> 0.425 | J49: =IF($I49>$B$23,0,1)*IF($I49<($B$23-$B$21),$B$10*EXP(-$B$10*($I49-$B$8)),$B$10*EXP(-$B$10*($B$23-$B$20-$B$21-$B$8)))/(1-EXP(-$B$10*($B$23-$B$21-$B$8)))*(1/(1+$B$24)) -> 0.85892562 | K49: =$J49*K$4+K50 -> 0.41878961 | L49: =$V49*$J49 -> 4.1826888e+16 | M49: =$K49/$L$4*$B$18 -> 447.8077 | N49: =IF($I49>$B$23,0,1)*IF($I49<($B$23-$B$21),0,M49) -> 0 | O49: =IF($I49>$B$23,0,1)*IF($I49<($B$23-$B$33),0,1)*IF($I49<($B$23-$B$21),$B$10*EXP(-$B$10*($I49-$B$8)),$B$10*EXP(-$B$10*($B$23-$B$20-$B$21-$B$8)))/(1-EXP(-$B$10*($B$23-$B$21-$B$8)))*(1/(1+$B$24))*($B$18/(SUM($L$7:$L$105)*0.05)) -> 0 | P49: =IF($I49>$B$23,0,1)*IF($I49<($B$23-$B$21),0,1)*$L49 -> 0 | R49: =$I49 -> 0.425 | S49: =IF($I49<$B$23+0.01,$B$10*EXP(-$B$10*($I49-$B$8))/(1-EXP(-$B$10*($B$23-$B$8))),0) -> 0.8589311 | T49: =T50+$S49*0.01 -> 0.4187859 | U49: =T49*$B$18/$W$4 -> 3473.0291 | V49: =10^(1.5*$I49+16.05) -> 4.8696753e+16 | W49: =$S49*$V49*0.01 -> 4.1827155e+14 | Y49: =I49 -> 0.425 | Z49: =IF(AND($Y49<$B$9+$B$27*$B$28,$Y49>$B$9-$B$27*$B$28),NORMDIST($Y49,$B$9,$B$27,0) / (2*NORMDIST($B$28,0,1,1)-1),0) -> 0 | AA49: =$V49*$Z49*$K$4 -> 0 | AB49: =Z49*$K$4+AB50 -> 1.0000236 | AC49: =$AB49*$B$18/$AA$4 -> 0.0074493433
I50: =I49+0.01 -> 0.435 | J50: =IF($I50>$B$23,0,1)*IF($I50<($B$23-$B$21),$B$10*EXP(-$B$10*($I50-$B$8)),$B$10*EXP(-$B$10*($B$23-$B$20-$B$21-$B$8)))/(1-EXP(-$B$10*($B$23-$B$21-$B$8)))*(1/(1+$B$24)) -> 0.84130904 | K50: =$J50*K$4+K51 -> 0.41020035 | L50: =$V50*$J50 -> 4.2408758e+16 | M50: =$K50/$L$4*$B$18 -> 438.62329 | N50: =IF($I50>$B$23,0,1)*IF($I50<($B$23-$B$21),0,M50) -> 0 | O50: =IF($I50>$B$23,0,1)*IF($I50<($B$23-$B$33),0,1)*IF($I50<($B$23-$B$21),$B$10*EXP(-$B$10*($I50-$B$8)),$B$10*EXP(-$B$10*($B$23-$B$20-$B$21-$B$8)))/(1-EXP(-$B$10*($B$23-$B$21-$B$8)))*(1/(1+$B$24))*($B$18/(SUM($L$7:$L$105)*0.05)) -> 0 | P50: =IF($I50>$B$23,0,1)*IF($I50<($B$23-$B$21),0,1)*$L50 -> 0 | R50: =$I50 -> 0.435 | S50: =IF($I50<$B$23+0.01,$B$10*EXP(-$B$10*($I50-$B$8))/(1-EXP(-$B$10*($B$23-$B$8))),0) -> 0.84131441 | T50: =T51+$S50*0.01 -> 0.41019659 | U50: =T50*$B$18/$W$4 -> 3401.7972 | V50: =10^(1.5*$I50+16.05) -> 5.0408062e+16 | W50: =$S50*$V50*0.01 -> 4.2409029e+14 | Y50: =I50 -> 0.435 | Z50: =IF(AND($Y50<$B$9+$B$27*$B$28,$Y50>$B$9-$B$27*$B$28),NORMDIST($Y50,$B$9,$B$27,0) / (2*NORMDIST($B$28,0,1,1)-1),0) -> 0 | AA50: =$V50*$Z50*$K$4 -> 0 | AB50: =Z50*$K$4+AB51 -> 1.0000236 | AC50: =$AB50*$B$18/$AA$4 -> 0.0074493433
I51: =I50+0.01 -> 0.445 | J51: =IF($I51>$B$23,0,1)*IF($I51<($B$23-$B$21),$B$10*EXP(-$B$10*($I51-$B$8)),$B$10*EXP(-$B$10*($B$23-$B$20-$B$21-$B$8)))/(1-EXP(-$B$10*($B$23-$B$21-$B$8)))*(1/(1+$B$24)) -> 0.82405378 | K51: =$J51*K$4+K52 -> 0.40178726 | L51: =$V51*$J51 -> 4.2998723e+16 | M51: =$K51/$L$4*$B$18 -> 429.62725 | N51: =IF($I51>$B$23,0,1)*IF($I51<($B$23-$B$21),0,M51) -> 0 | O51: =IF($I51>$B$23,0,1)*IF($I51<($B$23-$B$33),0,1)*IF($I51<($B$23-$B$21),$B$10*EXP(-$B$10*($I51-$B$8)),$B$10*EXP(-$B$10*($B$23-$B$20-$B$21-$B$8)))/(1-EXP(-$B$10*($B$23-$B$21-$B$8)))*(1/(1+$B$24))*($B$18/(SUM($L$7:$L$105)*0.05)) -> 0 | P51: =IF($I51>$B$23,0,1)*IF($I51<($B$23-$B$21),0,1)*$L51 -> 0 | R51: =$I51 -> 0.445 | S51: =IF($I51<$B$23+0.01,$B$10*EXP(-$B$10*($I51-$B$8))/(1-EXP(-$B$10*($B$23-$B$8))),0) -> 0.82405904 | T51: =T52+$S51*0.01 -> 0.40178345 | U51: =T51*$B$18/$W$4 -> 3332.0262 | V51: =10^(1.5*$I51+16.05) -> 5.217951e+16 | W51: =$S51*$V51*0.01 -> 4.2998997e+14 | Y51: =I51 -> 0.445 | Z51: =IF(AND($Y51<$B$9+$B$27*$B$28,$Y51>$B$9-$B$27*$B$28),NORMDIST($Y51,$B$9,$B$27,0) / (2*NORMDIST($B$28,0,1,1)-1),0) -> 0 | AA51: =$V51*$Z51*$K$4 -> 0 | AB51: =Z51*$K$4+AB52 -> 1.0000236 | AC51: =$AB51*$B$18/$AA$4 -> 0.0074493433
I52: =I51+0.01 -> 0.455 | J52: =IF($I52>$B$23,0,1)*IF($I52<($B$23-$B$21),$B$10*EXP(-$B$10*($I52-$B$8)),$B$10*EXP(-$B$10*($B$23-$B$20-$B$21-$B$8)))/(1-EXP(-$B$10*($B$23-$B$21-$B$8)))*(1/(1+$B$24)) -> 0.80715243 | K52: =$J52*K$4+K53 -> 0.39354672 | L52: =$V52*$J52 -> 4.3596895e+16 | M52: =$K52/$L$4*$B$18 -> 420.81572 | N52: =IF($I52>$B$23,0,1)*IF($I52<($B$23-$B$21),0,M52) -> 0 | O52: =IF($I52>$B$23,0,1)*IF($I52<($B$23-$B$33),0,1)*IF($I52<($B$23-$B$21),$B$10*EXP(-$B$10*($I52-$B$8)),$B$10*EXP(-$B$10*($B$23-$B$20-$B$21-$B$8)))/(1-EXP(-$B$10*($B$23-$B$21-$B$8)))*(1/(1+$B$24))*($B$18/(SUM($L$7:$L$105)*0.05)) -> 0 | P52: =IF($I52>$B$23,0,1)*IF($I52<($B$23-$B$21),0,1)*$L52 -> 0 | R52: =$I52 -> 0.455 | S52: =IF($I52<$B$23+0.01,$B$10*EXP(-$B$10*($I52-$B$8))/(1-EXP(-$B$10*($B$23-$B$8))),0) -> 0.80715758 | T52: =T53+$S52*0.01 -> 0.39354286 | U52: =T52*$B$18/$W$4 -> 3263.6863 | V52: =10^(1.5*$I52+16.05) -> 5.4013211e+16 | W52: =$S52*$V52*0.01 -> 4.3597173e+14 | Y52: =I52 -> 0.455 | Z52: =IF(AND($Y52<$B$9+$B$27*$B$28,$Y52>$B$9-$B$27*$B$28),NORMDIST($Y52,$B$9,$B$27,0) / (2*NORMDIST($B$28,0,1,1)-1),0) -> 0 | AA52: =$V52*$Z52*$K$4 -> 0 | AB52: =Z52*$K$4+AB53 -> 1.0000236 | AC52: =$AB52*$B$18/$AA$4 -> 0.0074493433
I53: =I52+0.01 -> 0.465 | J53: =IF($I53>$B$23,0,1)*IF($I53<($B$23-$B$21),$B$10*EXP(-$B$10*($I53-$B$8)),$B$10*EXP(-$B$10*($B$23-$B$20-$B$21-$B$8)))/(1-EXP(-$B$10*($B$23-$B$21-$B$8)))*(1/(1+$B$24)) -> 0.79059772 | K53: =$J53*K$4+K54 -> 0.3854752 | L53: =$V53*$J53 -> 4.4203388e+16 | M53: =$K53/$L$4*$B$18 -> 412.18492 | N53: =IF($I53>$B$23,0,1)*IF($I53<($B$23-$B$21),0,M53) -> 0 | O53: =IF($I53>$B$23,0,1)*IF($I53<($B$23-$B$33),0,1)*IF($I53<($B$23-$B$21),$B$10*EXP(-$B$10*($I53-$B$8)),$B$10*EXP(-$B$10*($B$23-$B$20-$B$21-$B$8)))/(1-EXP(-$B$10*($B$23-$B$21-$B$8)))*(1/(1+$B$24))*($B$18/(SUM($L$7:$L$105)*0.05)) -> 0 | P53: =IF($I53>$B$23,0,1)*IF($I53<($B$23-$B$21),0,1)*$L53 -> 0 | R53: =$I53 -> 0.465 | S53: =IF($I53<$B$23+0.01,$B$10*EXP(-$B$10*($I53-$B$8))/(1-EXP(-$B$10*($B$23-$B$8))),0) -> 0.79060276 | T53: =T54+$S53*0.01 -> 0.38547128 | U53: =T53*$B$18/$W$4 -> 3196.748 | V53: =10^(1.5*$I53+16.05) -> 5.5911353e+16 | W53: =$S53*$V53*0.01 -> 4.420367e+14 | Y53: =I53 -> 0.465 | Z53: =IF(AND($Y53<$B$9+$B$27*$B$28,$Y53>$B$9-$B$27*$B$28),NORMDIST($Y53,$B$9,$B$27,0) / (2*NORMDIST($B$28,0,1,1)-1),0) -> 0 | AA53: =$V53*$Z53*$K$4 -> 0 | AB53: =Z53*$K$4+AB54 -> 1.0000236 | AC53: =$AB53*$B$18/$AA$4 -> 0.0074493433
I54: =I53+0.01 -> 0.475 | J54: =IF($I54>$B$23,0,1)*IF($I54<($B$23-$B$21),$B$10*EXP(-$B$10*($I54-$B$8)),$B$10*EXP(-$B$10*($B$23-$B$20-$B$21-$B$8)))/(1-EXP(-$B$10*($B$23-$B$21-$B$8)))*(1/(1+$B$24)) -> 0.77438255 | K54: =$J54*K$4+K55 -> 0.37756922 | L54: =$V54*$J54 -> 4.4818318e+16 | M54: =$K54/$L$4*$B$18 -> 403.73114 | N54: =IF($I54>$B$23,0,1)*IF($I54<($B$23-$B$21),0,M54) -> 0 | O54: =IF($I54>$B$23,0,1)*IF($I54<($B$23-$B$33),0,1)*IF($I54<($B$23-$B$21),$B$10*EXP(-$B$10*($I54-$B$8)),$B$10*EXP(-$B$10*($B$23-$B$20-$B$21-$B$8)))/(1-EXP(-$B$10*($B$23-$B$21-$B$8)))*(1/(1+$B$24))*($B$18/(SUM($L$7:$L$105)*0.05)) -> 0 | P54: =IF($I54>$B$23,0,1)*IF($I54<($B$23-$B$21),0,1)*$L54 -> 0 | R54: =$I54 -> 0.475 | S54: =IF($I54<$B$23+0.01,$B$10*EXP(-$B$10*($I54-$B$8))/(1-EXP(-$B$10*($B$23-$B$8))),0) -> 0.77438749 | T54: =T55+$S54*0.01 -> 0.37756526 | U54: =T54*$B$18/$W$4 -> 3131.1826 | V54: =10^(1.5*$I54+16.05) -> 5.7876199e+16 | W54: =$S54*$V54*0.01 -> 448186042777520 | Y54: =I54 -> 0.475 | Z54: =IF(AND($Y54<$B$9+$B$27*$B$28,$Y54>$B$9-$B$27*$B$28),NORMDIST($Y54,$B$9,$B$27,0) / (2*NORMDIST($B$28,0,1,1)-1),0) -> 0 | AA54: =$V54*$Z54*$K$4 -> 0 | AB54: =Z54*$K$4+AB55 -> 1.0000236 | AC54: =$AB54*$B$18/$AA$4 -> 0.0074493433
I55: =I54+0.01 -> 0.485 | J55: =IF($I55>$B$23,0,1)*IF($I55<($B$23-$B$21),$B$10*EXP(-$B$10*($I55-$B$8)),$B$10*EXP(-$B$10*($B$23-$B$20-$B$21-$B$8)))/(1-EXP(-$B$10*($B$23-$B$21-$B$8)))*(1/(1+$B$24)) -> 0.75849995 | K55: =$J55*K$4+K56 -> 0.3698254 | L55: =$V55*$J55 -> 4.5441803e+16 | M55: =$K55/$L$4*$B$18 -> 395.45074 | N55: =IF($I55>$B$23,0,1)*IF($I55<($B$23-$B$21),0,M55) -> 0 | O55: =IF($I55>$B$23,0,1)*IF($I55<($B$23-$B$33),0,1)*IF($I55<($B$23-$B$21),$B$10*EXP(-$B$10*($I55-$B$8)),$B$10*EXP(-$B$10*($B$23-$B$20-$B$21-$B$8)))/(1-EXP(-$B$10*($B$23-$B$21-$B$8)))*(1/(1+$B$24))*($B$18/(SUM($L$7:$L$105)*0.05)) -> 0 | P55: =IF($I55>$B$23,0,1)*IF($I55<($B$23-$B$21),0,1)*$L55 -> 0 | R55: =$I55 -> 0.485 | S55: =IF($I55<$B$23+0.01,$B$10*EXP(-$B$10*($I55-$B$8))/(1-EXP(-$B$10*($B$23-$B$8))),0) -> 0.75850479 | T55: =T56+$S55*0.01 -> 0.36982138 | U55: =T55*$B$18/$W$4 -> 3066.9619 | V55: =10^(1.5*$I55+16.05) -> 5.9910094e+16 | W55: =$S55*$V55*0.01 -> 4.5442093e+14 | Y55: =I55 -> 0.485 | Z55: =IF(AND($Y55<$B$9+$B$27*$B$28,$Y55>$B$9-$B$27*$B$28),NORMDIST($Y55,$B$9,$B$27,0) / (2*NORMDIST($B$28,0,1,1)-1),0) -> 0 | AA55: =$V55*$Z55*$K$4 -> 0 | AB55: =Z55*$K$4+AB56 -> 1.0000236 | AC55: =$AB55*$B$18/$AA$4 -> 0.0074493433
I56: =I55+0.01 -> 0.495 | J56: =IF($I56>$B$23,0,1)*IF($I56<($B$23-$B$21),$B$10*EXP(-$B$10*($I56-$B$8)),$B$10*EXP(-$B$10*($B$23-$B$20-$B$21-$B$8)))/(1-EXP(-$B$10*($B$23-$B$21-$B$8)))*(1/(1+$B$24)) -> 0.7429431 | K56: =$J56*K$4+K57 -> 0.3622404 | L56: =$V56*$J56 -> 4.6073962e+16 | M56: =$K56/$L$4*$B$18 -> 387.34017 | N56: =IF($I56>$B$23,0,1)*IF($I56<($B$23-$B$21),0,M56) -> 0 | O56: =IF($I56>$B$23,0,1)*IF($I56<($B$23-$B$33),0,1)*IF($I56<($B$23-$B$21),$B$10*EXP(-$B$10*($I56-$B$8)),$B$10*EXP(-$B$10*($B$23-$B$20-$B$21-$B$8)))/(1-EXP(-$B$10*($B$23-$B$21-$B$8)))*(1/(1+$B$24))*($B$18/(SUM($L$7:$L$105)*0.05)) -> 0 | P56: =IF($I56>$B$23,0,1)*IF($I56<($B$23-$B$21),0,1)*$L56 -> 0 | R56: =$I56 -> 0.495 | S56: =IF($I56<$B$23+0.01,$B$10*EXP(-$B$10*($I56-$B$8))/(1-EXP(-$B$10*($B$23-$B$8))),0) -> 0.74294785 | T56: =T57+$S56*0.01 -> 0.36223633 | U56: =T56*$B$18/$W$4 -> 3004.0585 | V56: =10^(1.5*$I56+16.05) -> 6.2015464e+16 | W56: =$S56*$V56*0.01 -> 4.6074256e+14 | Y56: =I56 -> 0.495 | Z56: =IF(AND($Y56<$B$9+$B$27*$B$28,$Y56>$B$9-$B$27*$B$28),NORMDIST($Y56,$B$9,$B$27,0) / (2*NORMDIST($B$28,0,1,1)-1),0) -> 0 | AA56: =$V56*$Z56*$K$4 -> 0 | AB56: =Z56*$K$4+AB57 -> 1.0000236 | AC56: =$AB56*$B$18/$AA$4 -> 0.0074493433
I57: =I56+0.01 -> 0.505 | J57: =IF($I57>$B$23,0,1)*IF($I57<($B$23-$B$21),$B$10*EXP(-$B$10*($I57-$B$8)),$B$10*EXP(-$B$10*($B$23-$B$20-$B$21-$B$8)))/(1-EXP(-$B$10*($B$23-$B$21-$B$8)))*(1/(1+$B$24)) -> 0.72770533 | K57: =$J57*K$4+K58 -> 0.35481097 | L57: =$V57*$J57 -> 4.6714914e+16 | M57: =$K57/$L$4*$B$18 -> 379.39595 | N57: =IF($I57>$B$23,0,1)*IF($I57<($B$23-$B$21),0,M57) -> 0 | O57: =IF($I57>$B$23,0,1)*IF($I57<($B$23-$B$33),0,1)*IF($I57<($B$23-$B$21),$B$10*EXP(-$B$10*($I57-$B$8)),$B$10*EXP(-$B$10*($B$23-$B$20-$B$21-$B$8)))/(1-EXP(-$B$10*($B$23-$B$21-$B$8)))*(1/(1+$B$24))*($B$18/(SUM($L$7:$L$105)*0.05)) -> 0 | P57: =IF($I57>$B$23,0,1)*IF($I57<($B$23-$B$21),0,1)*$L57 -> 0 | R57: =$I57 -> 0.505 | S57: =IF($I57<$B$23+0.01,$B$10*EXP(-$B$10*($I57-$B$8))/(1-EXP(-$B$10*($B$23-$B$8))),0) -> 0.72770997 | T57: =T58+$S57*0.01 -> 0.35480685 | U57: =T57*$B$18/$W$4 -> 2942.4451 | V57: =10^(1.5*$I57+16.05) -> 6.4194822e+16 | W57: =$S57*$V57*0.01 -> 4.6715212e+14 | Y57: =I57 -> 0.505 | Z57: =IF(AND($Y57<$B$9+$B$27*$B$28,$Y57>$B$9-$B$27*$B$28),NORMDIST($Y57,$B$9,$B$27,0) / (2*NORMDIST($B$28,0,1,1)-1),0) -> 0 | AA57: =$V57*$Z57*$K$4 -> 0 | AB57: =Z57*$K$4+AB58 -> 1.0000236 | AC57: =$AB57*$B$18/$AA$4 -> 0.0074493433
I58: =I57+0.01 -> 0.515 | J58: =IF($I58>$B$23,0,1)*IF($I58<($B$23-$B$21),$B$10*EXP(-$B$10*($I58-$B$8)),$B$10*EXP(-$B$10*($B$23-$B$20-$B$21-$B$8)))/(1-EXP(-$B$10*($B$23-$B$21-$B$8)))*(1/(1+$B$24)) -> 0.71278008 | K58: =$J58*K$4+K59 -> 0.34753391 | L58: =$V58*$J58 -> 4.7364783e+16 | M58: =$K58/$L$4*$B$18 -> 371.61467 | N58: =IF($I58>$B$23,0,1)*IF($I58<($B$23-$B$21),0,M58) -> 0 | O58: =IF($I58>$B$23,0,1)*IF($I58<($B$23-$B$33),0,1)*IF($I58<($B$23-$B$21),$B$10*EXP(-$B$10*($I58-$B$8)),$B$10*EXP(-$B$10*($B$23-$B$20-$B$21-$B$8)))/(1-EXP(-$B$10*($B$23-$B$21-$B$8)))*(1/(1+$B$24))*($B$18/(SUM($L$7:$L$105)*0.05)) -> 0 | P58: =IF($I58>$B$23,0,1)*IF($I58<($B$23-$B$21),0,1)*$L58 -> 0 | R58: =$I58 -> 0.515 | S58: =IF($I58<$B$23+0.01,$B$10*EXP(-$B$10*($I58-$B$8))/(1-EXP(-$B$10*($B$23-$B$8))),0) -> 0.71278463 | T58: =T59+$S58*0.01 -> 0.34752975 | U58: =T58*$B$18/$W$4 -> 2882.0955 | V58: =10^(1.5*$I58+16.05) -> 6.6450767e+16 | W58: =$S58*$V58*0.01 -> 4.7365086e+14 | Y58: =I58 -> 0.515 | Z58: =IF(AND($Y58<$B$9+$B$27*$B$28,$Y58>$B$9-$B$27*$B$28),NORMDIST($Y58,$B$9,$B$27,0) / (2*NORMDIST($B$28,0,1,1)-1),0) -> 0 | AA58: =$V58*$Z58*$K$4 -> 0 | AB58: =Z58*$K$4+AB59 -> 1.0000236 | AC58: =$AB58*$B$18/$AA$4 -> 0.0074493433
I59: =I58+0.01 -> 0.525 | J59: =IF($I59>$B$23,0,1)*IF($I59<($B$23-$B$21),$B$10*EXP(-$B$10*($I59-$B$8)),$B$10*EXP(-$B$10*($B$23-$B$20-$B$21-$B$8)))/(1-EXP(-$B$10*($B$23-$B$21-$B$8)))*(1/(1+$B$24)) -> 0.69816095 | K59: =$J59*K$4+K60 -> 0.34040611 | L59: =$V59*$J59 -> 4.8023693e+16 | M59: =$K59/$L$4*$B$18 -> 363.99298 | N59: =IF($I59>$B$23,0,1)*IF($I59<($B$23-$B$21),0,M59) -> 0 | O59: =IF($I59>$B$23,0,1)*IF($I59<($B$23-$B$33),0,1)*IF($I59<($B$23-$B$21),$B$10*EXP(-$B$10*($I59-$B$8)),$B$10*EXP(-$B$10*($B$23-$B$20-$B$21-$B$8)))/(1-EXP(-$B$10*($B$23-$B$21-$B$8)))*(1/(1+$B$24))*($B$18/(SUM($L$7:$L$105)*0.05)) -> 0 | P59: =IF($I59>$B$23,0,1)*IF($I59<($B$23-$B$21),0,1)*$L59 -> 0 | R59: =$I59 -> 0.525 | S59: =IF($I59<$B$23+0.01,$B$10*EXP(-$B$10*($I59-$B$8))/(1-EXP(-$B$10*($B$23-$B$8))),0) -> 0.69816541 | T59: =T60+$S59*0.01 -> 0.34040191 | U59: =T59*$B$18/$W$4 -> 2822.9836 | V59: =10^(1.5*$I59+16.05) -> 6.8785991e+16 | W59: =$S59*$V59*0.01 -> 480239997174160 | Y59: =I59 -> 0.525 | Z59: =IF(AND($Y59<$B$9+$B$27*$B$28,$Y59>$B$9-$B$27*$B$28),NORMDIST($Y59,$B$9,$B$27,0) / (2*NORMDIST($B$28,0,1,1)-1),0) -> 0 | AA59: =$V59*$Z59*$K$4 -> 0 | AB59: =Z59*$K$4+AB60 -> 1.0000236 | AC59: =$AB59*$B$18/$AA$4 -> 0.0074493433
I60: =I59+0.01 -> 0.535 | J60: =IF($I60>$B$23,0,1)*IF($I60<($B$23-$B$21),$B$10*EXP(-$B$10*($I60-$B$8)),$B$10*EXP(-$B$10*($B$23-$B$20-$B$21-$B$8)))/(1-EXP(-$B$10*($B$23-$B$21-$B$8)))*(1/(1+$B$24)) -> 0.68384166 | K60: =$J60*K$4+K61 -> 0.3334245 | L60: =$V60*$J60 -> 4.8691769e+16 | M60: =$K60/$L$4*$B$18 -> 356.52761 | N60: =IF($I60>$B$23,0,1)*IF($I60<($B$23-$B$21),0,M60) -> 0 | O60: =IF($I60>$B$23,0,1)*IF($I60<($B$23-$B$33),0,1)*IF($I60<($B$23-$B$21),$B$10*EXP(-$B$10*($I60-$B$8)),$B$10*EXP(-$B$10*($B$23-$B$20-$B$21-$B$8)))/(1-EXP(-$B$10*($B$23-$B$21-$B$8)))*(1/(1+$B$24))*($B$18/(SUM($L$7:$L$105)*0.05)) -> 0 | P60: =IF($I60>$B$23,0,1)*IF($I60<($B$23-$B$21),0,1)*$L60 -> 0 | R60: =$I60 -> 0.535 | S60: =IF($I60<$B$23+0.01,$B$10*EXP(-$B$10*($I60-$B$8))/(1-EXP(-$B$10*($B$23-$B$8))),0) -> 0.68384603 | T60: =T61+$S60*0.01 -> 0.33342025 | U60: =T60*$B$18/$W$4 -> 2765.0841 | V60: =10^(1.5*$I60+16.05) -> 7.120328e+16 | W60: =$S60*$V60*0.01 -> 4.869208e+14 | Y60: =I60 -> 0.535 | Z60: =IF(AND($Y60<$B$9+$B$27*$B$28,$Y60>$B$9-$B$27*$B$28),NORMDIST($Y60,$B$9,$B$27,0) / (2*NORMDIST($B$28,0,1,1)-1),0) -> 0 | AA60: =$V60*$Z60*$K$4 -> 0 | AB60: =Z60*$K$4+AB61 -> 1.0000236 | AC60: =$AB60*$B$18/$AA$4 -> 0.0074493433
... I684: =I683+0.01 -> 6.775 | J684: =IF($I684>$B$23,0,1)*IF($I684<($B$23-$B$21),$B$10*EXP(-$B$10*($I684-$B$8)),$B$10*EXP(-$B$10*($B$23-$B$20-$B$21-$B$8)))/(1-EXP(-$B$10*($B$23-$B$21-$B$8)))*(1/(1+$B$24)) -> 1.3850184e-05 | K684: =$J684*K$4+K685 -> 6.6480885e-06 | L684: =$V684*$J684 -> 2.2592046e+21 | M684: =$K684/$L$4*$B$18 -> 0.0071087371 | N684: =IF($I684>$B$23,0,1)*IF($I684<($B$23-$B$21),0,M684) -> 0.0071087371 | O684: =IF($I684>$B$23,0,1)*IF($I684<($B$23-$B$33),0,1)*IF($I684<($B$23-$B$21),$B$10*EXP(-$B$10*($I684-$B$8)),$B$10*EXP(-$B$10*($B$23-$B$20-$B$21-$B$8)))/(1-EXP(-$B$10*($B$23-$B$21-$B$8)))*(1/(1+$B$24))*($B$18/(SUM($L$7:$L$105)*0.05)) -> 178.17409 | P684: =IF($I684>$B$23,0,1)*IF($I684<($B$23-$B$21),0,1)*$L684 -> 2.2592046e+21 | R684: =$I684 -> 6.775 | S684: =IF($I684<$B$23+0.01,$B$10*EXP(-$B$10*($I684-$B$8))/(1-EXP(-$B$10*($B$23-$B$8))),0) -> 1.6556111e-06 | T684: =T685+$S684*0.01 -> 5.1481073e-07 | U684: =T684*$B$18/$W$4 -> 0.0042693717 | V684: =10^(1.5*$I684+16.05) -> 1.6311729e+26 | W684: =$S684*$V684*0.01 -> 2.700588e+18 | Y684: =I684 -> 6.775 | Z684: =IF(AND($Y684<$B$9+$B$27*$B$28,$Y684>$B$9-$B$27*$B$28),NORMDIST($Y684,$B$9,$B$27,0) / (2*NORMDIST($B$28,0,1,1)-1),0) -> 1.1098832 | AA684: =$V684*$Z684*$K$4 -> 1.8104114e+24 | AB684: =Z684*$K$4+AB685 -> 0.89283823 | AC684: =$AB684*$B$18/$AA$4 -> 0.0066509017
B685: =I680-1 -> 5.735 | I685: =I684+0.01 -> 6.785 | J685: =IF($I685>$B$23,0,1)*IF($I685<($B$23-$B$21),$B$10*EXP(-$B$10*($I685-$B$8)),$B$10*EXP(-$B$10*($B$23-$B$20-$B$21-$B$8)))/(1-EXP(-$B$10*($B$23-$B$21-$B$8)))*(1/(1+$B$24)) -> 1.3850184e-05 | K685: =$J685*K$4+K686 -> 6.5095867e-06 | L685: =$V685*$J685 -> 2.3385979e+21 | M685: =$K685/$L$4*$B$18 -> 0.0069606384 | N685: =IF($I685>$B$23,0,1)*IF($I685<($B$23-$B$21),0,M685) -> 0.0069606384 | O685: =IF($I685>$B$23,0,1)*IF($I685<($B$23-$B$33),0,1)*IF($I685<($B$23-$B$21),$B$10*EXP(-$B$10*($I685-$B$8)),$B$10*EXP(-$B$10*($B$23-$B$20-$B$21-$B$8)))/(1-EXP(-$B$10*($B$23-$B$21-$B$8)))*(1/(1+$B$24))*($B$18/(SUM($L$7:$L$105)*0.05)) -> 178.17409 | P685: =IF($I685>$B$23,0,1)*IF($I685<($B$23-$B$21),0,1)*$L685 -> 2.3385979e+21 | R685: =$I685 -> 6.785 | S685: =IF($I685<$B$23+0.01,$B$10*EXP(-$B$10*($I685-$B$8))/(1-EXP(-$B$10*($B$23-$B$8))),0) -> 1.6216545e-06 | T685: =T686+$S685*0.01 -> 4.9825462e-07 | U685: =T685*$B$18/$W$4 -> 0.0041320704 | V685: =10^(1.5*$I685+16.05) -> 1.6884959e+26 | W685: =$S685*$V685*0.01 -> 2.7381569e+18 | Y685: =I685 -> 6.785 | Z685: =IF(AND($Y685<$B$9+$B$27*$B$28,$Y685>$B$9-$B$27*$B$28),NORMDIST($Y685,$B$9,$B$27,0) / (2*NORMDIST($B$28,0,1,1)-1),0) -> 1.1726367 | AA685: =$V685*$Z685*$K$4 -> 1.9799922e+24 | AB685: =Z685*$K$4+AB686 -> 0.8817394 | AC685: =$AB685*$B$18/$AA$4 -> 0.0065682247
I686: =I685+0.01 -> 6.795 | J686: =IF($I686>$B$23,0,1)*IF($I686<($B$23-$B$21),$B$10*EXP(-$B$10*($I686-$B$8)),$B$10*EXP(-$B$10*($B$23-$B$20-$B$21-$B$8)))/(1-EXP(-$B$10*($B$23-$B$21-$B$8)))*(1/(1+$B$24)) -> 1.3850184e-05 | K686: =$J686*K$4+K687 -> 6.3710848e-06 | L686: =$V686*$J686 -> 2.4207813e+21 | M686: =$K686/$L$4*$B$18 -> 0.0068125397 | N686: =IF($I686>$B$23,0,1)*IF($I686<($B$23-$B$21),0,M686) -> 0.0068125397 | O686: =IF($I686>$B$23,0,1)*IF($I686<($B$23-$B$33),0,1)*IF($I686<($B$23-$B$21),$B$10*EXP(-$B$10*($I686-$B$8)),$B$10*EXP(-$B$10*($B$23-$B$20-$B$21-$B$8)))/(1-EXP(-$B$10*($B$23-$B$21-$B$8)))*(1/(1+$B$24))*($B$18/(SUM($L$7:$L$105)*0.05)) -> 178.17409 | P686: =IF($I686>$B$23,0,1)*IF($I686<($B$23-$B$21),0,1)*$L686 -> 2.4207813e+21 | R686: =$I686 -> 6.795 | S686: =IF($I686<$B$23+0.01,$B$10*EXP(-$B$10*($I686-$B$8))/(1-EXP(-$B$10*($B$23-$B$8))),0) -> 1.5883943e-06 | T686: =T687+$S686*0.01 -> 4.8203808e-07 | U686: =T686*$B$18/$W$4 -> 0.0039975851 | V686: =10^(1.5*$I686+16.05) -> 1.7478333e+26 | W686: =$S686*$V686*0.01 -> 2.7762484e+18 | Y686: =I686 -> 6.795 | Z686: =IF(AND($Y686<$B$9+$B$27*$B$28,$Y686>$B$9-$B$27*$B$28),NORMDIST($Y686,$B$9,$B$27,0) / (2*NORMDIST($B$28,0,1,1)-1),0) -> 1.2358448 | AA686: =$V686*$Z686*$K$4 -> 2.1600507e+24 | AB686: =Z686*$K$4+AB687 -> 0.87001303 | AC686: =$AB686*$B$18/$AA$4 -> 0.006480873
I687: =I686+0.01 -> 6.805 | J687: =IF($I687>$B$23,0,1)*IF($I687<($B$23-$B$21),$B$10*EXP(-$B$10*($I687-$B$8)),$B$10*EXP(-$B$10*($B$23-$B$20-$B$21-$B$8)))/(1-EXP(-$B$10*($B$23-$B$21-$B$8)))*(1/(1+$B$24)) -> 1.3850184e-05 | K687: =$J687*K$4+K688 -> 6.232583e-06 | L687: =$V687*$J687 -> 2.5058528e+21 | M687: =$K687/$L$4*$B$18 -> 0.006664441 | N687: =IF($I687>$B$23,0,1)*IF($I687<($B$23-$B$21),0,M687) -> 0.006664441 | O687: =IF($I687>$B$23,0,1)*IF($I687<($B$23-$B$33),0,1)*IF($I687<($B$23-$B$21),$B$10*EXP(-$B$10*($I687-$B$8)),$B$10*EXP(-$B$10*($B$23-$B$20-$B$21-$B$8)))/(1-EXP(-$B$10*($B$23-$B$21-$B$8)))*(1/(1+$B$24))*($B$18/(SUM($L$7:$L$105)*0.05)) -> 178.17409 | P687: =IF($I687>$B$23,0,1)*IF($I687<($B$23-$B$21),0,1)*$L687 -> 2.5058528e+21 | R687: =$I687 -> 6.805 | S687: =IF($I687<$B$23+0.01,$B$10*EXP(-$B$10*($I687-$B$8))/(1-EXP(-$B$10*($B$23-$B$8))),0) -> 1.5558163e-06 | T687: =T688+$S687*0.01 -> 4.6615414e-07 | U687: =T687*$B$18/$W$4 -> 0.0038658581 | V687: =10^(1.5*$I687+16.05) -> 1.8092559e+26 | W687: =$S687*$V687*0.01 -> 2.8148699e+18 | Y687: =I687 -> 6.805 | Z687: =IF(AND($Y687<$B$9+$B$27*$B$28,$Y687>$B$9-$B$27*$B$28),NORMDIST($Y687,$B$9,$B$27,0) / (2*NORMDIST($B$28,0,1,1)-1),0) -> 1.2992079 | AA687: =$V687*$Z687*$K$4 -> 2.3505996e+24 | AB687: =Z687*$K$4+AB688 -> 0.85765458 | AC687: =$AB687*$B$18/$AA$4 -> 0.0063888128
I688: =I687+0.01 -> 6.815 | J688: =IF($I688>$B$23,0,1)*IF($I688<($B$23-$B$21),$B$10*EXP(-$B$10*($I688-$B$8)),$B$10*EXP(-$B$10*($B$23-$B$20-$B$21-$B$8)))/(1-EXP(-$B$10*($B$23-$B$21-$B$8)))*(1/(1+$B$24)) -> 1.3850184e-05 | K688: =$J688*K$4+K689 -> 6.0940811e-06 | L688: =$V688*$J688 -> 2.5939139e+21 | M688: =$K688/$L$4*$B$18 -> 0.0065163423 | N688: =IF($I688>$B$23,0,1)*IF($I688<($B$23-$B$21),0,M688) -> 0.0065163423 | O688: =IF($I688>$B$23,0,1)*IF($I688<($B$23-$B$33),0,1)*IF($I688<($B$23-$B$21),$B$10*EXP(-$B$10*($I688-$B$8)),$B$10*EXP(-$B$10*($B$23-$B$20-$B$21-$B$8)))/(1-EXP(-$B$10*($B$23-$B$21-$B$8)))*(1/(1+$B$24))*($B$18/(SUM($L$7:$L$105)*0.05)) -> 178.17409 | P688: =IF($I688>$B$23,0,1)*IF($I688<($B$23-$B$21),0,1)*$L688 -> 2.5939139e+21 | R688: =$I688 -> 6.815 | S688: =IF($I688<$B$23+0.01,$B$10*EXP(-$B$10*($I688-$B$8))/(1-EXP(-$B$10*($B$23-$B$8))),0) -> 1.5239065e-06 | T688: =T689+$S688*0.01 -> 4.5059597e-07 | U688: =T688*$B$18/$W$4 -> 0.0037368329 | V688: =10^(1.5*$I688+16.05) -> 1.8728371e+26 | W688: =$S688*$V688*0.01 -> 2.8540286e+18 | Y688: =I688 -> 6.815 | Z688: =IF(AND($Y688<$B$9+$B$27*$B$28,$Y688>$B$9-$B$27*$B$28),NORMDIST($Y688,$B$9,$B$27,0) / (2*NORMDIST($B$28,0,1,1)-1),0) -> 1.3624095 | AA688: =$V688*$Z688*$K$4 -> 2.551571e+24 | AB688: =Z688*$K$4+AB689 -> 0.8446625 | AC688: =$AB688*$B$18/$AA$4 -> 0.0062920327
I689: =I688+0.01 -> 6.825 | J689: =IF($I689>$B$23,0,1)*IF($I689<($B$23-$B$21),$B$10*EXP(-$B$10*($I689-$B$8)),$B$10*EXP(-$B$10*($B$23-$B$20-$B$21-$B$8)))/(1-EXP(-$B$10*($B$23-$B$21-$B$8)))*(1/(1+$B$24)) -> 1.3850184e-05 | K689: =$J689*K$4+K690 -> 5.9555793e-06 | L689: =$V689*$J689 -> 2.6850697e+21 | M689: =$K689/$L$4*$B$18 -> 0.0063682436 | N689: =IF($I689>$B$23,0,1)*IF($I689<($B$23-$B$21),0,M689) -> 0.0063682436 | O689: =IF($I689>$B$23,0,1)*IF($I689<($B$23-$B$33),0,1)*IF($I689<($B$23-$B$21),$B$10*EXP(-$B$10*($I689-$B$8)),$B$10*EXP(-$B$10*($B$23-$B$20-$B$21-$B$8)))/(1-EXP(-$B$10*($B$23-$B$21-$B$8)))*(1/(1+$B$24))*($B$18/(SUM($L$7:$L$105)*0.05)) -> 178.17409 | P689: =IF($I689>$B$23,0,1)*IF($I689<($B$23-$B$21),0,1)*$L689 -> 2.6850697e+21 | R689: =$I689 -> 6.825 | S689: =IF($I689<$B$23+0.01,$B$10*EXP(-$B$10*($I689-$B$8))/(1-EXP(-$B$10*($B$23-$B$8))),0) -> 1.4926512e-06 | T689: =T690+$S689*0.01 -> 4.3535691e-07 | U689: =T689*$B$18/$W$4 -> 0.0036104539 | V689: =10^(1.5*$I689+16.05) -> 1.9386526e+26 | W689: =$S689*$V689*0.01 -> 2.8937321e+18 | Y689: =I689 -> 6.825 | Z689: =IF(AND($Y689<$B$9+$B$27*$B$28,$Y689>$B$9-$B$27*$B$28),NORMDIST($Y689,$B$9,$B$27,0) / (2*NORMDIST($B$28,0,1,1)-1),0) -> 1.4251182 | AA689: =$V689*$Z689*$K$4 -> 2.7628092e+24 | AB689: =Z689*$K$4+AB690 -> 0.83103841 | AC689: =$AB689*$B$18/$AA$4 -> 0.0061905445
I690: =I689+0.01 -> 6.835 | J690: =IF($I690>$B$23,0,1)*IF($I690<($B$23-$B$21),$B$10*EXP(-$B$10*($I690-$B$8)),$B$10*EXP(-$B$10*($B$23-$B$20-$B$21-$B$8)))/(1-EXP(-$B$10*($B$23-$B$21-$B$8)))*(1/(1+$B$24)) -> 1.3850184e-05 | K690: =$J690*K$4+K691 -> 5.8170775e-06 | L690: =$V690*$J690 -> 2.7794288e+21 | M690: =$K690/$L$4*$B$18 -> 0.006220145 | N690: =IF($I690>$B$23,0,1)*IF($I690<($B$23-$B$21),0,M690) -> 0.006220145 | O690: =IF($I690>$B$23,0,1)*IF($I690<($B$23-$B$33),0,1)*IF($I690<($B$23-$B$21),$B$10*EXP(-$B$10*($I690-$B$8)),$B$10*EXP(-$B$10*($B$23-$B$20-$B$21-$B$8)))/(1-EXP(-$B$10*($B$23-$B$21-$B$8)))*(1/(1+$B$24))*($B$18/(SUM($L$7:$L$105)*0.05)) -> 178.17409 | P690: =IF($I690>$B$23,0,1)*IF($I690<($B$23-$B$21),0,1)*$L690 -> 2.7794288e+21 | R690: =$I690 -> 6.835 | S690: =IF($I690<$B$23+0.01,$B$10*EXP(-$B$10*($I690-$B$8))/(1-EXP(-$B$10*($B$23-$B$8))),0) -> 1.4620369e-06 | T690: =T691+$S690*0.01 -> 4.2043039e-07 | U690: =T690*$B$18/$W$4 -> 0.003486667 | V690: =10^(1.5*$I690+16.05) -> 2.0067811e+26 | W690: =$S690*$V690*0.01 -> 2.933988e+18 | Y690: =I690 -> 6.835 | Z690: =IF(AND($Y690<$B$9+$B$27*$B$28,$Y690>$B$9-$B$27*$B$28),NORMDIST($Y690,$B$9,$B$27,0) / (2*NORMDIST($B$28,0,1,1)-1),0) -> 1.4869913 | AA690: =$V690*$Z690*$K$4 -> 2.9840659e+24 | AB690: =Z690*$K$4+AB691 -> 0.81678722 | AC690: =$AB690*$B$18/$AA$4 -> 0.0060843851
I691: =I690+0.01 -> 6.845 | J691: =IF($I691>$B$23,0,1)*IF($I691<($B$23-$B$21),$B$10*EXP(-$B$10*($I691-$B$8)),$B$10*EXP(-$B$10*($B$23-$B$20-$B$21-$B$8)))/(1-EXP(-$B$10*($B$23-$B$21-$B$8)))*(1/(1+$B$24)) -> 1.3850184e-05 | K691: =$J691*K$4+K692 -> 5.6785756e-06 | L691: =$V691*$J691 -> 2.877104e+21 | M691: =$K691/$L$4*$B$18 -> 0.0060720463 | N691: =IF($I691>$B$23,0,1)*IF($I691<($B$23-$B$21),0,M691) -> 0.0060720463 | O691: =IF($I691>$B$23,0,1)*IF($I691<($B$23-$B$33),0,1)*IF($I691<($B$23-$B$21),$B$10*EXP(-$B$10*($I691-$B$8)),$B$10*EXP(-$B$10*($B$23-$B$20-$B$21-$B$8)))/(1-EXP(-$B$10*($B$23-$B$21-$B$8)))*(1/(1+$B$24))*($B$18/(SUM($L$7:$L$105)*0.05)) -> 178.17409 | P691: =IF($I691>$B$23,0,1)*IF($I691<($B$23-$B$21),0,1)*$L691 -> 2.877104e+21 | R691: =$I691 -> 6.845 | S691: =IF($I691<$B$23+0.01,$B$10*EXP(-$B$10*($I691-$B$8))/(1-EXP(-$B$10*($B$23-$B$8))),0) -> 1.4320505e-06 | T691: =T692+$S691*0.01 -> 4.0581003e-07 | U691: =T691*$B$18/$W$4 -> 0.003365419 | V691: =10^(1.5*$I691+16.05) -> 2.0773037e+26 | W691: =$S691*$V691*0.01 -> 2.9748038e+18 | Y691: =I691 -> 6.845 | Z691: =IF(AND($Y691<$B$9+$B$27*$B$28,$Y691>$B$9-$B$27*$B$28),NORMDIST($Y691,$B$9,$B$27,0) / (2*NORMDIST($B$28,0,1,1)-1),0) -> 1.5476765 | AA691: =$V691*$Z691*$K$4 -> 3.2149942e+24 | AB691: =Z691*$K$4+AB692 -> 0.80191731 | AC691: =$AB691*$B$18/$AA$4 -> 0.0059736166
I692: =I691+0.01 -> 6.855 | J692: =IF($I692>$B$23,0,1)*IF($I692<($B$23-$B$21),$B$10*EXP(-$B$10*($I692-$B$8)),$B$10*EXP(-$B$10*($B$23-$B$20-$B$21-$B$8)))/(1-EXP(-$B$10*($B$23-$B$21-$B$8)))*(1/(1+$B$24)) -> 1.3850184e-05 | K692: =$J692*K$4+K693 -> 5.5400738e-06 | L692: =$V692*$J692 -> 2.9782116e+21 | M692: =$K692/$L$4*$B$18 -> 0.0059239476 | N692: =IF($I692>$B$23,0,1)*IF($I692<($B$23-$B$21),0,M692) -> 0.0059239476 | O692: =IF($I692>$B$23,0,1)*IF($I692<($B$23-$B$33),0,1)*IF($I692<($B$23-$B$21),$B$10*EXP(-$B$10*($I692-$B$8)),$B$10*EXP(-$B$10*($B$23-$B$20-$B$21-$B$8)))/(1-EXP(-$B$10*($B$23-$B$21-$B$8)))*(1/(1+$B$24))*($B$18/(SUM($L$7:$L$105)*0.05)) -> 178.17409 | P692: =IF($I692>$B$23,0,1)*IF($I692<($B$23-$B$21),0,1)*$L692 -> 2.9782116e+21 | R692: =$I692 -> 6.855 | S692: =IF($I692<$B$23+0.01,$B$10*EXP(-$B$10*($I692-$B$8))/(1-EXP(-$B$10*($B$23-$B$8))),0) -> 1.4026791e-06 | T692: =T693+$S692*0.01 -> 3.9148952e-07 | U692: =T692*$B$18/$W$4 -> 0.0032466578 | V692: =10^(1.5*$I692+16.05) -> 2.1503047e+26 | W692: =$S692*$V692*0.01 -> 3.0161874e+18 | Y692: =I692 -> 6.855 | Z692: =IF(AND($Y692<$B$9+$B$27*$B$28,$Y692>$B$9-$B$27*$B$28),NORMDIST($Y692,$B$9,$B$27,0) / (2*NORMDIST($B$28,0,1,1)-1),0) -> 1.6068163 | AA692: =$V692*$Z692*$K$4 -> 3.4551447e+24 | AB692: =Z692*$K$4+AB693 -> 0.78644055 | AC692: =$AB692*$B$18/$AA$4 -> 0.0058583276
I693: =I692+0.01 -> 6.865 | J693: =IF($I693>$B$23,0,1)*IF($I693<($B$23-$B$21),$B$10*EXP(-$B$10*($I693-$B$8)),$B$10*EXP(-$B$10*($B$23-$B$20-$B$21-$B$8)))/(1-EXP(-$B$10*($B$23-$B$21-$B$8)))*(1/(1+$B$24)) -> 1.3850184e-05 | K693: =$J693*K$4+K694 -> 5.4015719e-06 | L693: =$V693*$J693 -> 3.0828724e+21 | M693: =$K693/$L$4*$B$18 -> 0.0057758489 | N693: =IF($I693>$B$23,0,1)*IF($I693<($B$23-$B$21),0,M693) -> 0.0057758489 | O693: =IF($I693>$B$23,0,1)*IF($I693<($B$23-$B$33),0,1)*IF($I693<($B$23-$B$21),$B$10*EXP(-$B$10*($I693-$B$8)),$B$10*EXP(-$B$10*($B$23-$B$20-$B$21-$B$8)))/(1-EXP(-$B$10*($B$23-$B$21-$B$8)))*(1/(1+$B$24))*($B$18/(SUM($L$7:$L$105)*0.05)) -> 178.17409 | P693: =IF($I693>$B$23,0,1)*IF($I693<($B$23-$B$21),0,1)*$L693 -> 3.0828724e+21 | R693: =$I693 -> 6.865 | S693: =IF($I693<$B$23+0.01,$B$10*EXP(-$B$10*($I693-$B$8))/(1-EXP(-$B$10*($B$23-$B$8))),0) -> 1.3739101e-06 | T693: =T694+$S693*0.01 -> 3.7746273e-07 | U693: =T693*$B$18/$W$4 -> 0.0031303323 | V693: =10^(1.5*$I693+16.05) -> 2.225871e+26 | W693: =$S693*$V693*0.01 -> 3.0581468e+18 | Y693: =I693 -> 6.865 | Z693: =IF(AND($Y693<$B$9+$B$27*$B$28,$Y693>$B$9-$B$27*$B$28),NORMDIST($Y693,$B$9,$B$27,0) / (2*NORMDIST($B$28,0,1,1)-1),0) -> 1.6640507 | AA693: =$V693*$Z693*$K$4 -> 3.7039622e+24 | AB693: =Z693*$K$4+AB694 -> 0.77037238 | AC693: =$AB693*$B$18/$AA$4 -> 0.0057386331
I694: =I693+0.01 -> 6.875 | J694: =IF($I694>$B$23,0,1)*IF($I694<($B$23-$B$21),$B$10*EXP(-$B$10*($I694-$B$8)),$B$10*EXP(-$B$10*($B$23-$B$20-$B$21-$B$8)))/(1-EXP(-$B$10*($B$23-$B$21-$B$8)))*(1/(1+$B$24)) -> 1.3850184e-05 | K694: =$J694*K$4+K695 -> 5.2630701e-06 | L694: =$V694*$J694 -> 3.1912113e+21 | M694: =$K694/$L$4*$B$18 -> 0.0056277502 | N694: =IF($I694>$B$23,0,1)*IF($I694<($B$23-$B$21),0,M694) -> 0.0056277502 | O694: =IF($I694>$B$23,0,1)*IF($I694<($B$23-$B$33),0,1)*IF($I694<($B$23-$B$21),$B$10*EXP(-$B$10*($I694-$B$8)),$B$10*EXP(-$B$10*($B$23-$B$20-$B$21-$B$8)))/(1-EXP(-$B$10*($B$23-$B$21-$B$8)))*(1/(1+$B$24))*($B$18/(SUM($L$7:$L$105)*0.05)) -> 178.17409 | P694: =IF($I694>$B$23,0,1)*IF($I694<($B$23-$B$21),0,1)*$L694 -> 3.1912113e+21 | R694: =$I694 -> 6.875 | S694: =IF($I694<$B$23+0.01,$B$10*EXP(-$B$10*($I694-$B$8))/(1-EXP(-$B$10*($B$23-$B$8))),0) -> 1.3457312e-06 | T694: =T695+$S694*0.01 -> 3.6372363e-07 | U694: =T694*$B$18/$W$4 -> 0.0030163927 | V694: =10^(1.5*$I694+16.05) -> 2.304093e+26 | W694: =$S694*$V694*0.01 -> 3.1006899e+18 | Y694: =I694 -> 6.875 | Z694: =IF(AND($Y694<$B$9+$B$27*$B$28,$Y694>$B$9-$B$27*$B$28),NORMDIST($Y694,$B$9,$B$27,0) / (2*NORMDIST($B$28,0,1,1)-1),0) -> 1.7190207 | AA694: =$V694*$Z694*$K$4 -> 3.9607836e+24 | AB694: =Z694*$K$4+AB695 -> 0.75373188 | AC694: =$AB694*$B$18/$AA$4 -> 0.0056146752
I695: =I694+0.01 -> 6.885 | J695: =IF($I695>$B$23,0,1)*IF($I695<($B$23-$B$21),$B$10*EXP(-$B$10*($I695-$B$8)),$B$10*EXP(-$B$10*($B$23-$B$20-$B$21-$B$8)))/(1-EXP(-$B$10*($B$23-$B$21-$B$8)))*(1/(1+$B$24)) -> 1.3850184e-05 | K695: =$J695*K$4+K696 -> 5.1245682e-06 | L695: =$V695*$J695 -> 3.3033573e+21 | M695: =$K695/$L$4*$B$18 -> 0.0054796515 | N695: =IF($I695>$B$23,0,1)*IF($I695<($B$23-$B$21),0,M695) -> 0.0054796515 | O695: =IF($I695>$B$23,0,1)*IF($I695<($B$23-$B$33),0,1)*IF($I695<($B$23-$B$21),$B$10*EXP(-$B$10*($I695-$B$8)),$B$10*EXP(-$B$10*($B$23-$B$20-$B$21-$B$8)))/(1-EXP(-$B$10*($B$23-$B$21-$B$8)))*(1/(1+$B$24))*($B$18/(SUM($L$7:$L$105)*0.05)) -> 178.17409 | P695: =IF($I695>$B$23,0,1)*IF($I695<($B$23-$B$21),0,1)*$L695 -> 3.3033573e+21 | R695: =$I695 -> 6.885 | S695: =IF($I695<$B$23+0.01,$B$10*EXP(-$B$10*($I695-$B$8))/(1-EXP(-$B$10*($B$23-$B$8))),0) -> 1.3181303e-06 | T695: =T696+$S695*0.01 -> 3.5026632e-07 | U695: =T695*$B$18/$W$4 -> 0.00290479 | V695: =10^(1.5*$I695+16.05) -> 2.3850638e+26 | W695: =$S695*$V695*0.01 -> 3.1438247e+18 | Y695: =I695 -> 6.885 | Z695: =IF(AND($Y695<$B$9+$B$27*$B$28,$Y695>$B$9-$B$27*$B$28),NORMDIST($Y695,$B$9,$B$27,0) / (2*NORMDIST($B$28,0,1,1)-1),0) -> 1.7713727 | AA695: =$V695*$Z695*$K$4 -> 4.2248369e+24 | AB695: =Z695*$K$4+AB696 -> 0.73654167 | AC695: =$AB695*$B$18/$AA$4 -> 0.0054866225
I696: =I695+0.01 -> 6.895 | J696: =IF($I696>$B$23,0,1)*IF($I696<($B$23-$B$21),$B$10*EXP(-$B$10*($I696-$B$8)),$B$10*EXP(-$B$10*($B$23-$B$20-$B$21-$B$8)))/(1-EXP(-$B$10*($B$23-$B$21-$B$8)))*(1/(1+$B$24)) -> 1.3850184e-05 | K696: =$J696*K$4+K697 -> 4.9860664e-06 | L696: =$V696*$J696 -> 3.4194445e+21 | M696: =$K696/$L$4*$B$18 -> 0.0053315528 | N696: =IF($I696>$B$23,0,1)*IF($I696<($B$23-$B$21),0,M696) -> 0.0053315528 | O696: =IF($I696>$B$23,0,1)*IF($I696<($B$23-$B$33),0,1)*IF($I696<($B$23-$B$21),$B$10*EXP(-$B$10*($I696-$B$8)),$B$10*EXP(-$B$10*($B$23-$B$20-$B$21-$B$8)))/(1-EXP(-$B$10*($B$23-$B$21-$B$8)))*(1/(1+$B$24))*($B$18/(SUM($L$7:$L$105)*0.05)) -> 178.17409 | P696: =IF($I696>$B$23,0,1)*IF($I696<($B$23-$B$21),0,1)*$L696 -> 3.4194445e+21 | R696: =$I696 -> 6.895 | S696: =IF($I696<$B$23+0.01,$B$10*EXP(-$B$10*($I696-$B$8))/(1-EXP(-$B$10*($B$23-$B$8))),0) -> 1.2910954e-06 | T696: =T697+$S696*0.01 -> 3.3708501e-07 | U696: =T696*$B$18/$W$4 -> 0.0027954763 | V696: =10^(1.5*$I696+16.05) -> 2.4688801e+26 | W696: =$S696*$V696*0.01 -> 3.1875597e+18 | Y696: =I696 -> 6.895 | Z696: =IF(AND($Y696<$B$9+$B$27*$B$28,$Y696>$B$9-$B$27*$B$28),NORMDIST($Y696,$B$9,$B$27,0) / (2*NORMDIST($B$28,0,1,1)-1),0) -> 1.8207614 | AA696: =$V696*$Z696*$K$4 -> 4.4952417e+24 | AB696: =Z696*$K$4+AB697 -> 0.71882794 | AC696: =$AB696*$B$18/$AA$4 -> 0.0053546699
I697: =I696+0.01 -> 6.905 | J697: =IF($I697>$B$23,0,1)*IF($I697<($B$23-$B$21),$B$10*EXP(-$B$10*($I697-$B$8)),$B$10*EXP(-$B$10*($B$23-$B$20-$B$21-$B$8)))/(1-EXP(-$B$10*($B$23-$B$21-$B$8)))*(1/(1+$B$24)) -> 1.3850184e-05 | K697: =$J697*K$4+K698 -> 4.8475645e-06 | L697: =$V697*$J697 -> 3.5396112e+21 | M697: =$K697/$L$4*$B$18 -> 0.0051834541 | N697: =IF($I697>$B$23,0,1)*IF($I697<($B$23-$B$21),0,M697) -> 0.0051834541 | O697: =IF($I697>$B$23,0,1)*IF($I697<($B$23-$B$33),0,1)*IF($I697<($B$23-$B$21),$B$10*EXP(-$B$10*($I697-$B$8)),$B$10*EXP(-$B$10*($B$23-$B$20-$B$21-$B$8)))/(1-EXP(-$B$10*($B$23-$B$21-$B$8)))*(1/(1+$B$24))*($B$18/(SUM($L$7:$L$105)*0.05)) -> 178.17409 | P697: =IF($I697>$B$23,0,1)*IF($I697<($B$23-$B$21),0,1)*$L697 -> 3.5396112e+21 | R697: =$I697 -> 6.905 | S697: =IF($I697<$B$23+0.01,$B$10*EXP(-$B$10*($I697-$B$8))/(1-EXP(-$B$10*($B$23-$B$8))),0) -> 1.264615e-06 | T697: =T698+$S697*0.01 -> 3.2417406e-07 | U697: =T697*$B$18/$W$4 -> 0.0026884046 | V697: =10^(1.5*$I697+16.05) -> 2.5556419e+26 | W697: =$S697*$V697*0.01 -> 3.2319031e+18 | Y697: =I697 -> 6.905 | Z697: =IF(AND($Y697<$B$9+$B$27*$B$28,$Y697>$B$9-$B$27*$B$28),NORMDIST($Y697,$B$9,$B$27,0) / (2*NORMDIST($B$28,0,1,1)-1),0) -> 1.8668542 | AA697: =$V697*$Z697*$K$4 -> 4.7710109e+24 | AB697: =Z697*$K$4+AB698 -> 0.70062033 | AC697: =$AB697*$B$18/$AA$4 -> 0.0052190384
... I863: =I862+0.01 -> 8.565 | J863: =IF($I863>$B$23,0,1)*IF($I863<($B$23-$B$21),$B$10*EXP(-$B$10*($I863-$B$8)),$B$10*EXP(-$B$10*($B$23-$B$20-$B$21-$B$8)))/(1-EXP(-$B$10*($B$23-$B$21-$B$8)))*(1/(1+$B$24)) -> 0 | K863: =$J863*K$4+K864 -> 0 | L863: =$V863*$J863 -> 0 | M863: =$K863/$L$4*$B$18 -> 0 | N863: =IF($I863>$B$23,0,1)*IF($I863<($B$23-$B$21),0,M863) -> 0 | O863: =IF($I863>$B$23,0,1)*IF($I863<($B$23-$B$33),0,1)*IF($I863<($B$23-$B$21),$B$10*EXP(-$B$10*($I863-$B$8)),$B$10*EXP(-$B$10*($B$23-$B$20-$B$21-$B$8)))/(1-EXP(-$B$10*($B$23-$B$21-$B$8)))*(1/(1+$B$24))*($B$18/(SUM($L$7:$L$105)*0.05)) -> 0 | P863: =IF($I863>$B$23,0,1)*IF($I863<($B$23-$B$21),0,1)*$L863 -> 0 | R863: =$I863 -> 8.565 | S863: =IF($I863<$B$23+0.01,$B$10*EXP(-$B$10*($I863-$B$8))/(1-EXP(-$B$10*($B$23-$B$8))),0) -> 0 | T863: =T864+$S863*0.01 -> 0 | U863: =T863*$B$18/$W$4 -> 0 | V863: =10^(1.5*$I863+16.05) -> 7.8976885e+28 | W863: =$S863*$V863*0.01 -> 0 | Y863: =I863 -> 8.565 | Z863: =IF(AND($Y863<$B$9+$B$27*$B$28,$Y863>$B$9-$B$27*$B$28),NORMDIST($Y863,$B$9,$B$27,0) / (2*NORMDIST($B$28,0,1,1)-1),0) -> 0 | AA863: =$V863*$Z863*$K$4 -> 0 | AB863: =Z863*$K$4+AB864 -> 0 | AC863: =$AB863*$B$18/$AA$4 -> 0

Sheet Out2 for pureChar
I1: =SUM(I5:AR5) -> 1
B2: sum | C2: sum
B3: =SUM(B7:B43) -> 0.0074493433 | C3: =SUM(C7:C43) -> 1 | I3: 4.999 | J3: 5.1 | K3: =J3+0.1 -> 5.2 | L3: =K3+0.1 -> 5.3 | M3: =L3+0.1 -> 5.4 | N3: =M3+0.1 -> 5.5 | O3: =N3+0.1 -> 5.6 | P3: =O3+0.1 -> 5.7 | Q3: =P3+0.1 -> 5.8 | R3: =Q3+0.1 -> 5.9 | ... AR3: =AQ3+0.1 -> 8.5
I4: 5.1 | J4: =J3+0.1 -> 5.2 | K4: =K3+0.1 -> 5.3 | L4: =L3+0.1 -> 5.4 | M4: =M3+0.1 -> 5.5 | N4: =N3+0.1 -> 5.6 | O4: =O3+0.1 -> 5.7 | P4: =P3+0.1 -> 5.8 | Q4: =Q3+0.1 -> 5.9 | ... AR4: =AR3+0.1 -> 8.6
H5: =SUM(H7:H863) -> 0.0074493433 | I5: =SUM(I7:I863)/$H$5 -> 0 | J5: =SUM(J7:J863)/$H$5 -> 0 | K5: =SUM(K7:K863)/$H$5 -> 0 | L5: =SUM(L7:L863)/$H$5 -> 0 | M5: =SUM(M7:M863)/$H$5 -> 0 | N5: =SUM(N7:N863)/$H$5 -> 0 | O5: =SUM(O7:O863)/$H$5 -> 0 | P5: =SUM(P7:P863)/$H$5 -> 0 | ... AR5: =SUM(AR7:AR863)/$H$5 -> 0
A6: Mag | B6: rate of mag | C6: P(M) | D6: column | E6: N(M) for YC85 | G6: mag
A7: 5.05 | B7: =$C7*$H$5 -> 0 | C7: {=INDIRECT(ADDRESS(5,$D7,1,FALSE),FALSE)} -> 0 | D7: 9 | E7: =moment_rate!$AC7 -> 0.0074493433 | F7: =E7-E8 -> 0 | G7: =moment_rate!I7-0.005 -> 0 | H7: =IF($G7>=4.999,(E7-E8),0) -> 0 | I7: =IF(AND($G7>=I$3,$G7<I$4),$F7,0) -> 0 | J7: =IF(AND($G7>=J$3,$G7<J$4),$F7,0) -> 0 | K7: =IF(AND($G7>=K$3,$G7<K$4),$F7,0) -> 0 | L7: =IF(AND($G7>=L$3,$G7<L$4),$F7,0) -> 0 | M7: =IF(AND($G7>=M$3,$G7<M$4),$F7,0) -> 0 | N7: =IF(AND($G7>=N$3,$G7<N$4),$F7,0) -> 0 | O7: =IF(AND($G7>=O$3,$G7<O$4),$F7,0) -> 0 | P7: =IF(AND($G7>=P$3,$G7<P$4),$F7,0) -> 0 | ... AR7: =IF(AND($G7>=AR$3,$G7<AR$4),$F7,0) -> 0
A8: =A7+0.1 -> 5.15 | B8: =$C8*$H$5 -> 0 | C8: {=INDIRECT(ADDRESS(5,$D8,1,FALSE),FALSE)} -> 0 | D8: =D7+1 -> 10 | E8: =moment_rate!$AC8 -> 0.0074493433 | F8: =E8-E9 -> 0 | G8: =moment_rate!I8-0.005 -> 0.01 | H8: =IF($G8>=4.999,(E8-E9),0) -> 0 | I8: =IF(AND($G8>=I$3,$G8<I$4),$F8,0) -> 0 | J8: =IF(AND($G8>=J$3,$G8<J$4),$F8,0) -> 0 | K8: =IF(AND($G8>=K$3,$G8<K$4),$F8,0) -> 0 | L8: =IF(AND($G8>=L$3,$G8<L$4),$F8,0) -> 0 | M8: =IF(AND($G8>=M$3,$G8<M$4),$F8,0) -> 0 | N8: =IF(AND($G8>=N$3,$G8<N$4),$F8,0) -> 0 | O8: =IF(AND($G8>=O$3,$G8<O$4),$F8,0) -> 0 | P8: =IF(AND($G8>=P$3,$G8<P$4),$F8,0) -> 0 | ... AR8: =IF(AND($G8>=AR$3,$G8<AR$4),$F8,0) -> 0
A9: =A8+0.1 -> 5.25 | B9: =$C9*$H$5 -> 0 | C9: {=INDIRECT(ADDRESS(5,$D9,1,FALSE),FALSE)} -> 0 | D9: =D8+1 -> 11 | E9: =moment_rate!$AC9 -> 0.0074493433 | F9: =E9-E10 -> 0 | G9: =moment_rate!I9-0.005 -> 0.02 | H9: =IF($G9>=4.999,(E9-E10),0) -> 0 | I9: =IF(AND($G9>=I$3,$G9<I$4),$F9,0) -> 0 | J9: =IF(AND($G9>=J$3,$G9<J$4),$F9,0) -> 0 | K9: =IF(AND($G9>=K$3,$G9<K$4),$F9,0) -> 0 | L9: =IF(AND($G9>=L$3,$G9<L$4),$F9,0) -> 0 | M9: =IF(AND($G9>=M$3,$G9<M$4),$F9,0) -> 0 | N9: =IF(AND($G9>=N$3,$G9<N$4),$F9,0) -> 0 | O9: =IF(AND($G9>=O$3,$G9<O$4),$F9,0) -> 0 | P9: =IF(AND($G9>=P$3,$G9<P$4),$F9,0) -> 0 | ... AR9: =IF(AND($G9>=AR$3,$G9<AR$4),$F9,0) -> 0
A10: =A9+0.1 -> 5.35 | B10: =$C10*$H$5 -> 0 | C10: {=INDIRECT(ADDRESS(5,$D10,1,FALSE),FALSE)} -> 0 | D10: =D9+1 -> 12 | E10: =moment_rate!$AC10 -> 0.0074493433 | F10: =E10-E11 -> 0 | G10: =moment_rate!I10-0.005 -> 0.03 | H10: =IF($G10>=4.999,(E10-E11),0) -> 0 | I10: =IF(AND($G10>=I$3,$G10<I$4),$F10,0) -> 0 | J10: =IF(AND($G10>=J$3,$G10<J$4),$F10,0) -> 0 | K10: =IF(AND($G10>=K$3,$G10<K$4),$F10,0) -> 0 | L10: =IF(AND($G10>=L$3,$G10<L$4),$F10,0) -> 0 | M10: =IF(AND($G10>=M$3,$G10<M$4),$F10,0) -> 0 | N10: =IF(AND($G10>=N$3,$G10<N$4),$F10,0) -> 0 | O10: =IF(AND($G10>=O$3,$G10<O$4),$F10,0) -> 0 | P10: =IF(AND($G10>=P$3,$G10<P$4),$F10,0) -> 0 | ... AR10: =IF(AND($G10>=AR$3,$G10<AR$4),$F10,0) -> 0
A11: =A10+0.1 -> 5.45 | B11: =$C11*$H$5 -> 0 | C11: {=INDIRECT(ADDRESS(5,$D11,1,FALSE),FALSE)} -> 0 | D11: =D10+1 -> 13 | E11: =moment_rate!$AC11 -> 0.0074493433 | F11: =E11-E12 -> 0 | G11: =moment_rate!I11-0.005 -> 0.04 | H11: =IF($G11>=4.999,(E11-E12),0) -> 0 | I11: =IF(AND($G11>=I$3,$G11<I$4),$F11,0) -> 0 | J11: =IF(AND($G11>=J$3,$G11<J$4),$F11,0) -> 0 | K11: =IF(AND($G11>=K$3,$G11<K$4),$F11,0) -> 0 | L11: =IF(AND($G11>=L$3,$G11<L$4),$F11,0) -> 0 | M11: =IF(AND($G11>=M$3,$G11<M$4),$F11,0) -> 0 | N11: =IF(AND($G11>=N$3,$G11<N$4),$F11,0) -> 0 | O11: =IF(AND($G11>=O$3,$G11<O$4),$F11,0) -> 0 | P11: =IF(AND($G11>=P$3,$G11<P$4),$F11,0) -> 0 | ... AR11: =IF(AND($G11>=AR$3,$G11<AR$4),$F11,0) -> 0
A12: =A11+0.1 -> 5.55 | B12: =$C12*$H$5 -> 0 | C12: {=INDIRECT(ADDRESS(5,$D12,1,FALSE),FALSE)} -> 0 | D12: =D11+1 -> 14 | E12: =moment_rate!$AC12 -> 0.0074493433 | F12: =E12-E13 -> 0 | G12: =moment_rate!I12-0.005 -> 0.05 | H12: =IF($G12>=4.999,(E12-E13),0) -> 0 | I12: =IF(AND($G12>=I$3,$G12<I$4),$F12,0) -> 0 | J12: =IF(AND($G12>=J$3,$G12<J$4),$F12,0) -> 0 | K12: =IF(AND($G12>=K$3,$G12<K$4),$F12,0) -> 0 | L12: =IF(AND($G12>=L$3,$G12<L$4),$F12,0) -> 0 | M12: =IF(AND($G12>=M$3,$G12<M$4),$F12,0) -> 0 | N12: =IF(AND($G12>=N$3,$G12<N$4),$F12,0) -> 0 | O12: =IF(AND($G12>=O$3,$G12<O$4),$F12,0) -> 0 | P12: =IF(AND($G12>=P$3,$G12<P$4),$F12,0) -> 0 | ... AR12: =IF(AND($G12>=AR$3,$G12<AR$4),$F12,0) -> 0
A13: =A12+0.1 -> 5.65 | B13: =$C13*$H$5 -> 0 | C13: {=INDIRECT(ADDRESS(5,$D13,1,FALSE),FALSE)} -> 0 | D13: =D12+1 -> 15 | E13: =moment_rate!$AC13 -> 0.0074493433 | F13: =E13-E14 -> 0 | G13: =moment_rate!I13-0.005 -> 0.06 | H13: =IF($G13>=4.999,(E13-E14),0) -> 0 | I13: =IF(AND($G13>=I$3,$G13<I$4),$F13,0) -> 0 | J13: =IF(AND($G13>=J$3,$G13<J$4),$F13,0) -> 0 | K13: =IF(AND($G13>=K$3,$G13<K$4),$F13,0) -> 0 | L13: =IF(AND($G13>=L$3,$G13<L$4),$F13,0) -> 0 | M13: =IF(AND($G13>=M$3,$G13<M$4),$F13,0) -> 0 | N13: =IF(AND($G13>=N$3,$G13<N$4),$F13,0) -> 0 | O13: =IF(AND($G13>=O$3,$G13<O$4),$F13,0) -> 0 | P13: =IF(AND($G13>=P$3,$G13<P$4),$F13,0) -> 0 | ... AR13: =IF(AND($G13>=AR$3,$G13<AR$4),$F13,0) -> 0
A14: =A13+0.1 -> 5.75 | B14: =$C14*$H$5 -> 0 | C14: {=INDIRECT(ADDRESS(5,$D14,1,FALSE),FALSE)} -> 0 | D14: =D13+1 -> 16 | E14: =moment_rate!$AC14 -> 0.0074493433 | F14: =E14-E15 -> 0 | G14: =moment_rate!I14-0.005 -> 0.07 | H14: =IF($G14>=4.999,(E14-E15),0) -> 0 | I14: =IF(AND($G14>=I$3,$G14<I$4),$F14,0) -> 0 | J14: =IF(AND($G14>=J$3,$G14<J$4),$F14,0) -> 0 | K14: =IF(AND($G14>=K$3,$G14<K$4),$F14,0) -> 0 | L14: =IF(AND($G14>=L$3,$G14<L$4),$F14,0) -> 0 | M14: =IF(AND($G14>=M$3,$G14<M$4),$F14,0) -> 0 | N14: =IF(AND($G14>=N$3,$G14<N$4),$F14,0) -> 0 | O14: =IF(AND($G14>=O$3,$G14<O$4),$F14,0) -> 0 | P14: =IF(AND($G14>=P$3,$G14<P$4),$F14,0) -> 0 | ... AR14: =IF(AND($G14>=AR$3,$G14<AR$4),$F14,0) -> 0
A15: =A14+0.1 -> 5.85 | B15: =$C15*$H$5 -> 0 | C15: {=INDIRECT(ADDRESS(5,$D15,1,FALSE),FALSE)} -> 0 | D15: =D14+1 -> 17 | E15: =moment_rate!$AC15 -> 0.0074493433 | F15: =E15-E16 -> 0 | G15: =moment_rate!I15-0.005 -> 0.08 | H15: =IF($G15>=4.999,(E15-E16),0) -> 0 | I15: =IF(AND($G15>=I$3,$G15<I$4),$F15,0) -> 0 | J15: =IF(AND($G15>=J$3,$G15<J$4),$F15,0) -> 0 | K15: =IF(AND($G15>=K$3,$G15<K$4),$F15,0) -> 0 | L15: =IF(AND($G15>=L$3,$G15<L$4),$F15,0) -> 0 | M15: =IF(AND($G15>=M$3,$G15<M$4),$F15,0) -> 0 | N15: =IF(AND($G15>=N$3,$G15<N$4),$F15,0) -> 0 | O15: =IF(AND($G15>=O$3,$G15<O$4),$F15,0) -> 0 | P15: =IF(AND($G15>=P$3,$G15<P$4),$F15,0) -> 0 | ... AR15: =IF(AND($G15>=AR$3,$G15<AR$4),$F15,0) -> 0
A16: =A15+0.1 -> 5.95 | B16: =$C16*$H$5 -> 0 | C16: {=INDIRECT(ADDRESS(5,$D16,1,FALSE),FALSE)} -> 0 | D16: =D15+1 -> 18 | E16: =moment_rate!$AC16 -> 0.0074493433 | F16: =E16-E17 -> 0 | G16: =moment_rate!I16-0.005 -> 0.09 | H16: =IF($G16>=4.999,(E16-E17),0) -> 0 | I16: =IF(AND($G16>=I$3,$G16<I$4),$F16,0) -> 0 | J16: =IF(AND($G16>=J$3,$G16<J$4),$F16,0) -> 0 | K16: =IF(AND($G16>=K$3,$G16<K$4),$F16,0) -> 0 | L16: =IF(AND($G16>=L$3,$G16<L$4),$F16,0) -> 0 | M16: =IF(AND($G16>=M$3,$G16<M$4),$F16,0) -> 0 | N16: =IF(AND($G16>=N$3,$G16<N$4),$F16,0) -> 0 | O16: =IF(AND($G16>=O$3,$G16<O$4),$F16,0) -> 0 | P16: =IF(AND($G16>=P$3,$G16<P$4),$F16,0) -> 0 | ... AR16: =IF(AND($G16>=AR$3,$G16<AR$4),$F16,0) -> 0
A17: =A16+0.1 -> 6.05 | B17: =$C17*$H$5 -> 0 | C17: {=INDIRECT(ADDRESS(5,$D17,1,FALSE),FALSE)} -> 0 | D17: =D16+1 -> 19 | E17: =moment_rate!$AC17 -> 0.0074493433 | F17: =E17-E18 -> 0 | G17: =moment_rate!I17-0.005 -> 0.1 | H17: =IF($G17>=4.999,(E17-E18),0) -> 0 | I17: =IF(AND($G17>=I$3,$G17<I$4),$F17,0) -> 0 | J17: =IF(AND($G17>=J$3,$G17<J$4),$F17,0) -> 0 | K17: =IF(AND($G17>=K$3,$G17<K$4),$F17,0) -> 0 | L17: =IF(AND($G17>=L$3,$G17<L$4),$F17,0) -> 0 | M17: =IF(AND($G17>=M$3,$G17<M$4),$F17,0) -> 0 | N17: =IF(AND($G17>=N$3,$G17<N$4),$F17,0) -> 0 | O17: =IF(AND($G17>=O$3,$G17<O$4),$F17,0) -> 0 | P17: =IF(AND($G17>=P$3,$G17<P$4),$F17,0) -> 0 | ... AR17: =IF(AND($G17>=AR$3,$G17<AR$4),$F17,0) -> 0
A18: =A17+0.1 -> 6.15 | B18: =$C18*$H$5 -> 0 | C18: {=INDIRECT(ADDRESS(5,$D18,1,FALSE),FALSE)} -> 0 | D18: =D17+1 -> 20 | E18: =moment_rate!$AC18 -> 0.0074493433 | F18: =E18-E19 -> 0 | G18: =moment_rate!I18-0.005 -> 0.11 | H18: =IF($G18>=4.999,(E18-E19),0) -> 0 | I18: =IF(AND($G18>=I$3,$G18<I$4),$F18,0) -> 0 | J18: =IF(AND($G18>=J$3,$G18<J$4),$F18,0) -> 0 | K18: =IF(AND($G18>=K$3,$G18<K$4),$F18,0) -> 0 | L18: =IF(AND($G18>=L$3,$G18<L$4),$F18,0) -> 0 | M18: =IF(AND($G18>=M$3,$G18<M$4),$F18,0) -> 0 | N18: =IF(AND($G18>=N$3,$G18<N$4),$F18,0) -> 0 | O18: =IF(AND($G18>=O$3,$G18<O$4),$F18,0) -> 0 | P18: =IF(AND($G18>=P$3,$G18<P$4),$F18,0) -> 0 | ... AR18: =IF(AND($G18>=AR$3,$G18<AR$4),$F18,0) -> 0
A19: =A18+0.1 -> 6.25 | B19: =$C19*$H$5 -> 0 | C19: {=INDIRECT(ADDRESS(5,$D19,1,FALSE),FALSE)} -> 0 | D19: =D18+1 -> 21 | E19: =moment_rate!$AC19 -> 0.0074493433 | F19: =E19-E20 -> 0 | G19: =moment_rate!I19-0.005 -> 0.12 | H19: =IF($G19>=4.999,(E19-E20),0) -> 0 | I19: =IF(AND($G19>=I$3,$G19<I$4),$F19,0) -> 0 | J19: =IF(AND($G19>=J$3,$G19<J$4),$F19,0) -> 0 | K19: =IF(AND($G19>=K$3,$G19<K$4),$F19,0) -> 0 | L19: =IF(AND($G19>=L$3,$G19<L$4),$F19,0) -> 0 | M19: =IF(AND($G19>=M$3,$G19<M$4),$F19,0) -> 0 | N19: =IF(AND($G19>=N$3,$G19<N$4),$F19,0) -> 0 | O19: =IF(AND($G19>=O$3,$G19<O$4),$F19,0) -> 0 | P19: =IF(AND($G19>=P$3,$G19<P$4),$F19,0) -> 0 | ... AR19: =IF(AND($G19>=AR$3,$G19<AR$4),$F19,0) -> 0
... A43: =A42+0.1 -> 8.65 | B43: =$C43*$H$5 -> 0 | C43: {=INDIRECT(ADDRESS(5,$D43,1,FALSE),FALSE)} -> 0 | D43: =D42+1 -> 45 | E43: =moment_rate!$AC43 -> 0.0074493433 | F43: =E43-E44 -> 0 | G43: =moment_rate!I43-0.005 -> 0.36 | H43: =IF($G43>=4.999,(E43-E44),0) -> 0 | I43: =IF(AND($G43>=I$3,$G43<I$4),$F43,0) -> 0 | J43: =IF(AND($G43>=J$3,$G43<J$4),$F43,0) -> 0 | K43: =IF(AND($G43>=K$3,$G43<K$4),$F43,0) -> 0 | L43: =IF(AND($G43>=L$3,$G43<L$4),$F43,0) -> 0 | M43: =IF(AND($G43>=M$3,$G43<M$4),$F43,0) -> 0 | N43: =IF(AND($G43>=N$3,$G43<N$4),$F43,0) -> 0 | O43: =IF(AND($G43>=O$3,$G43<O$4),$F43,0) -> 0 | P43: =IF(AND($G43>=P$3,$G43<P$4),$F43,0) -> 0 | ... AR43: =IF(AND($G43>=AR$3,$G43<AR$4),$F43,0) -> 0
E44: =moment_rate!$AC44 -> 0.0074493433 | F44: =E44-E45 -> 0 | G44: =moment_rate!I44-0.005 -> 0.37 | H44: =IF($G44>=4.999,(E44-E45),0) -> 0 | I44: =IF(AND($G44>=I$3,$G44<I$4),$F44,0) -> 0 | J44: =IF(AND($G44>=J$3,$G44<J$4),$F44,0) -> 0 | K44: =IF(AND($G44>=K$3,$G44<K$4),$F44,0) -> 0 | L44: =IF(AND($G44>=L$3,$G44<L$4),$F44,0) -> 0 | M44: =IF(AND($G44>=M$3,$G44<M$4),$F44,0) -> 0 | N44: =IF(AND($G44>=N$3,$G44<N$4),$F44,0) -> 0 | O44: =IF(AND($G44>=O$3,$G44<O$4),$F44,0) -> 0 | P44: =IF(AND($G44>=P$3,$G44<P$4),$F44,0) -> 0 | ... AR44: =IF(AND($G44>=AR$3,$G44<AR$4),$F44,0) -> 0
E45: =moment_rate!$AC45 -> 0.0074493433 | F45: =E45-E46 -> 0 | G45: =moment_rate!I45-0.005 -> 0.38 | H45: =IF($G45>=4.999,(E45-E46),0) -> 0 | I45: =IF(AND($G45>=I$3,$G45<I$4),$F45,0) -> 0 | J45: =IF(AND($G45>=J$3,$G45<J$4),$F45,0) -> 0 | K45: =IF(AND($G45>=K$3,$G45<K$4),$F45,0) -> 0 | L45: =IF(AND($G45>=L$3,$G45<L$4),$F45,0) -> 0 | M45: =IF(AND($G45>=M$3,$G45<M$4),$F45,0) -> 0 | N45: =IF(AND($G45>=N$3,$G45<N$4),$F45,0) -> 0 | O45: =IF(AND($G45>=O$3,$G45<O$4),$F45,0) -> 0 | P45: =IF(AND($G45>=P$3,$G45<P$4),$F45,0) -> 0 | ... AR45: =IF(AND($G45>=AR$3,$G45<AR$4),$F45,0) -> 0
E46: =moment_rate!$AC46 -> 0.0074493433 | F46: =E46-E47 -> 0 | G46: =moment_rate!I46-0.005 -> 0.39 | H46: =IF($G46>=4.999,(E46-E47),0) -> 0 | I46: =IF(AND($G46>=I$3,$G46<I$4),$F46,0) -> 0 | J46: =IF(AND($G46>=J$3,$G46<J$4),$F46,0) -> 0 | K46: =IF(AND($G46>=K$3,$G46<K$4),$F46,0) -> 0 | L46: =IF(AND($G46>=L$3,$G46<L$4),$F46,0) -> 0 | M46: =IF(AND($G46>=M$3,$G46<M$4),$F46,0) -> 0 | N46: =IF(AND($G46>=N$3,$G46<N$4),$F46,0) -> 0 | O46: =IF(AND($G46>=O$3,$G46<O$4),$F46,0) -> 0 | P46: =IF(AND($G46>=P$3,$G46<P$4),$F46,0) -> 0 | ... AR46: =IF(AND($G46>=AR$3,$G46<AR$4),$F46,0) -> 0
E47: =moment_rate!$AC47 -> 0.0074493433 | F47: =E47-E48 -> 0 | G47: =moment_rate!I47-0.005 -> 0.4 | H47: =IF($G47>=4.999,(E47-E48),0) -> 0 | I47: =IF(AND($G47>=I$3,$G47<I$4),$F47,0) -> 0 | J47: =IF(AND($G47>=J$3,$G47<J$4),$F47,0) -> 0 | K47: =IF(AND($G47>=K$3,$G47<K$4),$F47,0) -> 0 | L47: =IF(AND($G47>=L$3,$G47<L$4),$F47,0) -> 0 | M47: =IF(AND($G47>=M$3,$G47<M$4),$F47,0) -> 0 | N47: =IF(AND($G47>=N$3,$G47<N$4),$F47,0) -> 0 | O47: =IF(AND($G47>=O$3,$G47<O$4),$F47,0) -> 0 | P47: =IF(AND($G47>=P$3,$G47<P$4),$F47,0) -> 0 | ... AR47: =IF(AND($G47>=AR$3,$G47<AR$4),$F47,0) -> 0
E48: =moment_rate!$AC48 -> 0.0074493433 | F48: =E48-E49 -> 0 | G48: =moment_rate!I48-0.005 -> 0.41 | H48: =IF($G48>=4.999,(E48-E49),0) -> 0 | I48: =IF(AND($G48>=I$3,$G48<I$4),$F48,0) -> 0 | J48: =IF(AND($G48>=J$3,$G48<J$4),$F48,0) -> 0 | K48: =IF(AND($G48>=K$3,$G48<K$4),$F48,0) -> 0 | L48: =IF(AND($G48>=L$3,$G48<L$4),$F48,0) -> 0 | M48: =IF(AND($G48>=M$3,$G48<M$4),$F48,0) -> 0 | N48: =IF(AND($G48>=N$3,$G48<N$4),$F48,0) -> 0 | O48: =IF(AND($G48>=O$3,$G48<O$4),$F48,0) -> 0 | P48: =IF(AND($G48>=P$3,$G48<P$4),$F48,0) -> 0 | ... AR48: =IF(AND($G48>=AR$3,$G48<AR$4),$F48,0) -> 0
E49: =moment_rate!$AC49 -> 0.0074493433 | F49: =E49-E50 -> 0 | G49: =moment_rate!I49-0.005 -> 0.42 | H49: =IF($G49>=4.999,(E49-E50),0) -> 0 | I49: =IF(AND($G49>=I$3,$G49<I$4),$F49,0) -> 0 | J49: =IF(AND($G49>=J$3,$G49<J$4),$F49,0) -> 0 | K49: =IF(AND($G49>=K$3,$G49<K$4),$F49,0) -> 0 | L49: =IF(AND($G49>=L$3,$G49<L$4),$F49,0) -> 0 | M49: =IF(AND($G49>=M$3,$G49<M$4),$F49,0) -> 0 | N49: =IF(AND($G49>=N$3,$G49<N$4),$F49,0) -> 0 | O49: =IF(AND($G49>=O$3,$G49<O$4),$F49,0) -> 0 | P49: =IF(AND($G49>=P$3,$G49<P$4),$F49,0) -> 0 | ... AR49: =IF(AND($G49>=AR$3,$G49<AR$4),$F49,0) -> 0
E50: =moment_rate!$AC50 -> 0.0074493433 | F50: =E50-E51 -> 0 | G50: =moment_rate!I50-0.005 -> 0.43 | H50: =IF($G50>=4.999,(E50-E51),0) -> 0 | I50: =IF(AND($G50>=I$3,$G50<I$4),$F50,0) -> 0 | J50: =IF(AND($G50>=J$3,$G50<J$4),$F50,0) -> 0 | K50: =IF(AND($G50>=K$3,$G50<K$4),$F50,0) -> 0 | L50: =IF(AND($G50>=L$3,$G50<L$4),$F50,0) -> 0 | M50: =IF(AND($G50>=M$3,$G50<M$4),$F50,0) -> 0 | N50: =IF(AND($G50>=N$3,$G50<N$4),$F50,0) -> 0 | O50: =IF(AND($G50>=O$3,$G50<O$4),$F50,0) -> 0 | P50: =IF(AND($G50>=P$3,$G50<P$4),$F50,0) -> 0 | ... AR50: =IF(AND($G50>=AR$3,$G50<AR$4),$F50,0) -> 0
E51: =moment_rate!$AC51 -> 0.0074493433 | F51: =E51-E52 -> 0 | G51: =moment_rate!I51-0.005 -> 0.44 | H51: =IF($G51>=4.999,(E51-E52),0) -> 0 | I51: =IF(AND($G51>=I$3,$G51<I$4),$F51,0) -> 0 | J51: =IF(AND($G51>=J$3,$G51<J$4),$F51,0) -> 0 | K51: =IF(AND($G51>=K$3,$G51<K$4),$F51,0) -> 0 | L51: =IF(AND($G51>=L$3,$G51<L$4),$F51,0) -> 0 | M51: =IF(AND($G51>=M$3,$G51<M$4),$F51,0) -> 0 | N51: =IF(AND($G51>=N$3,$G51<N$4),$F51,0) -> 0 | O51: =IF(AND($G51>=O$3,$G51<O$4),$F51,0) -> 0 | P51: =IF(AND($G51>=P$3,$G51<P$4),$F51,0) -> 0 | ... AR51: =IF(AND($G51>=AR$3,$G51<AR$4),$F51,0) -> 0
E52: =moment_rate!$AC52 -> 0.0074493433 | F52: =E52-E53 -> 0 | G52: =moment_rate!I52-0.005 -> 0.45 | H52: =IF($G52>=4.999,(E52-E53),0) -> 0 | I52: =IF(AND($G52>=I$3,$G52<I$4),$F52,0) -> 0 | J52: =IF(AND($G52>=J$3,$G52<J$4),$F52,0) -> 0 | K52: =IF(AND($G52>=K$3,$G52<K$4),$F52,0) -> 0 | L52: =IF(AND($G52>=L$3,$G52<L$4),$F52,0) -> 0 | M52: =IF(AND($G52>=M$3,$G52<M$4),$F52,0) -> 0 | N52: =IF(AND($G52>=N$3,$G52<N$4),$F52,0) -> 0 | O52: =IF(AND($G52>=O$3,$G52<O$4),$F52,0) -> 0 | P52: =IF(AND($G52>=P$3,$G52<P$4),$F52,0) -> 0 | ... AR52: =IF(AND($G52>=AR$3,$G52<AR$4),$F52,0) -> 0
E53: =moment_rate!$AC53 -> 0.0074493433 | F53: =E53-E54 -> 0 | G53: =moment_rate!I53-0.005 -> 0.46 | H53: =IF($G53>=4.999,(E53-E54),0) -> 0 | I53: =IF(AND($G53>=I$3,$G53<I$4),$F53,0) -> 0 | J53: =IF(AND($G53>=J$3,$G53<J$4),$F53,0) -> 0 | K53: =IF(AND($G53>=K$3,$G53<K$4),$F53,0) -> 0 | L53: =IF(AND($G53>=L$3,$G53<L$4),$F53,0) -> 0 | M53: =IF(AND($G53>=M$3,$G53<M$4),$F53,0) -> 0 | N53: =IF(AND($G53>=N$3,$G53<N$4),$F53,0) -> 0 | O53: =IF(AND($G53>=O$3,$G53<O$4),$F53,0) -> 0 | P53: =IF(AND($G53>=P$3,$G53<P$4),$F53,0) -> 0 | ... AR53: =IF(AND($G53>=AR$3,$G53<AR$4),$F53,0) -> 0
E54: =moment_rate!$AC54 -> 0.0074493433 | F54: =E54-E55 -> 0 | G54: =moment_rate!I54-0.005 -> 0.47 | H54: =IF($G54>=4.999,(E54-E55),0) -> 0 | I54: =IF(AND($G54>=I$3,$G54<I$4),$F54,0) -> 0 | J54: =IF(AND($G54>=J$3,$G54<J$4),$F54,0) -> 0 | K54: =IF(AND($G54>=K$3,$G54<K$4),$F54,0) -> 0 | L54: =IF(AND($G54>=L$3,$G54<L$4),$F54,0) -> 0 | M54: =IF(AND($G54>=M$3,$G54<M$4),$F54,0) -> 0 | N54: =IF(AND($G54>=N$3,$G54<N$4),$F54,0) -> 0 | O54: =IF(AND($G54>=O$3,$G54<O$4),$F54,0) -> 0 | P54: =IF(AND($G54>=P$3,$G54<P$4),$F54,0) -> 0 | ... AR54: =IF(AND($G54>=AR$3,$G54<AR$4),$F54,0) -> 0
E55: =moment_rate!$AC55 -> 0.0074493433 | F55: =E55-E56 -> 0 | G55: =moment_rate!I55-0.005 -> 0.48 | H55: =IF($G55>=4.999,(E55-E56),0) -> 0 | I55: =IF(AND($G55>=I$3,$G55<I$4),$F55,0) -> 0 | J55: =IF(AND($G55>=J$3,$G55<J$4),$F55,0) -> 0 | K55: =IF(AND($G55>=K$3,$G55<K$4),$F55,0) -> 0 | L55: =IF(AND($G55>=L$3,$G55<L$4),$F55,0) -> 0 | M55: =IF(AND($G55>=M$3,$G55<M$4),$F55,0) -> 0 | N55: =IF(AND($G55>=N$3,$G55<N$4),$F55,0) -> 0 | O55: =IF(AND($G55>=O$3,$G55<O$4),$F55,0) -> 0 | P55: =IF(AND($G55>=P$3,$G55<P$4),$F55,0) -> 0 | ... AR55: =IF(AND($G55>=AR$3,$G55<AR$4),$F55,0) -> 0
... E863: =moment_rate!$AC863 -> 0 | F863: =E863-E864 -> 0 | G863: =moment_rate!I863-0.005 -> 8.56 | H863: =IF($G863>=4.999,(E863-E864),0) -> 0 | I863: =IF(AND($G863>=I$3,$G863<I$4),$F863,0) -> 0 | J863: =IF(AND($G863>=J$3,$G863<J$4),$F863,0) -> 0 | K863: =IF(AND($G863>=K$3,$G863<K$4),$F863,0) -> 0 | L863: =IF(AND($G863>=L$3,$G863<L$4),$F863,0) -> 0 | M863: =IF(AND($G863>=M$3,$G863<M$4),$F863,0) -> 0 | N863: =IF(AND($G863>=N$3,$G863<N$4),$F863,0) -> 0 | O863: =IF(AND($G863>=O$3,$G863<O$4),$F863,0) -> 0 | P863: =IF(AND($G863>=P$3,$G863<P$4),$F863,0) -> 0 | ... AR863: =IF(AND($G863>=AR$3,$G863<AR$4),$F863,0) -> 0

Sheet out2 for YC
I1: =SUM(I5:AR5) -> 1
B2: sum | C2: sum
B3: =SUM(B7:B43) -> 0.04031838 | C3: =SUM(C7:C43) -> 1 | I3: 4.999 | J3: 5.1 | K3: =J3+0.1 -> 5.2 | L3: =K3+0.1 -> 5.3 | M3: =L3+0.1 -> 5.4 | N3: =M3+0.1 -> 5.5 | O3: =N3+0.1 -> 5.6 | P3: =O3+0.1 -> 5.7 | Q3: =P3+0.1 -> 5.8 | R3: =Q3+0.1 -> 5.9 | ... AR3: =AQ3+0.1 -> 8.5
I4: 5.1 | J4: =J3+0.1 -> 5.2 | K4: =K3+0.1 -> 5.3 | L4: =L3+0.1 -> 5.4 | M4: =M3+0.1 -> 5.5 | N4: =N3+0.1 -> 5.6 | O4: =O3+0.1 -> 5.7 | P4: =P3+0.1 -> 5.8 | Q4: =Q3+0.1 -> 5.9 | ... AR4: =AR3+0.1 -> 8.6
H5: =SUM(H7:H863) -> 0.04031838 | I5: =SUM(I7:I863)/$H$5 -> 0.17095152 | J5: =SUM(J7:J863)/$H$5 -> 0.12497329 | K5: =SUM(K7:K863)/$H$5 -> 0.10158211 | L5: =SUM(L7:L863)/$H$5 -> 0.082569035 | M5: =SUM(M7:M863)/$H$5 -> 0.067114632 | N5: =SUM(N7:N863)/$H$5 -> 0.054552821 | O5: =SUM(O7:O863)/$H$5 -> 0.044342197 | P5: =SUM(P7:P863)/$H$5 -> 0.036042691 | ... AR5: =SUM(AR7:AR863)/$H$5 -> 0
A6: Mag | B6: rate of mag | C6: P(M) | D6: column | E6: N(M) for YC85 | G6: mag
A7: 5.05 | B7: =$C7*$H$5 -> 0.0068924883 | C7: {=INDIRECT(ADDRESS(5,$D7,1,FALSE),FALSE)} -> 0.17095152 | D7: 9 | E7: =moment_rate!$M7 -> 1069.2712 | F7: =E7-E8 -> 21.930635 | G7: =moment_rate!I7-0.005 -> 0 | H7: =IF($G7>=4.999,(E7-E8),0) -> 0 | I7: =IF(AND($G7>=I$3,$G7<I$4),$F7,0) -> 0 | J7: =IF(AND($G7>=J$3,$G7<J$4),$F7,0) -> 0 | K7: =IF(AND($G7>=K$3,$G7<K$4),$F7,0) -> 0 | L7: =IF(AND($G7>=L$3,$G7<L$4),$F7,0) -> 0 | M7: =IF(AND($G7>=M$3,$G7<M$4),$F7,0) -> 0 | N7: =IF(AND($G7>=N$3,$G7<N$4),$F7,0) -> 0 | O7: =IF(AND($G7>=O$3,$G7<O$4),$F7,0) -> 0 | P7: =IF(AND($G7>=P$3,$G7<P$4),$F7,0) -> 0 | ... AR7: =IF(AND($G7>=AR$3,$G7<AR$4),$F7,0) -> 0
A8: =A7+0.1 -> 5.15 | B8: =$C8*$H$5 -> 0.0050387207 | C8: {=INDIRECT(ADDRESS(5,$D8,1,FALSE),FALSE)} -> 0.12497329 | D8: =D7+1 -> 10 | E8: =moment_rate!$M8 -> 1047.3406 | F8: =E8-E9 -> 21.480838 | G8: =moment_rate!I8-0.005 -> 0.01 | H8: =IF($G8>=4.999,(E8-E9),0) -> 0 | I8: =IF(AND($G8>=I$3,$G8<I$4),$F8,0) -> 0 | J8: =IF(AND($G8>=J$3,$G8<J$4),$F8,0) -> 0 | K8: =IF(AND($G8>=K$3,$G8<K$4),$F8,0) -> 0 | L8: =IF(AND($G8>=L$3,$G8<L$4),$F8,0) -> 0 | M8: =IF(AND($G8>=M$3,$G8<M$4),$F8,0) -> 0 | N8: =IF(AND($G8>=N$3,$G8<N$4),$F8,0) -> 0 | O8: =IF(AND($G8>=O$3,$G8<O$4),$F8,0) -> 0 | P8: =IF(AND($G8>=P$3,$G8<P$4),$F8,0) -> 0 | ... AR8: =IF(AND($G8>=AR$3,$G8<AR$4),$F8,0) -> 0
A9: =A8+0.1 -> 5.25 | B9: =$C9*$H$5 -> 0.004095626 | C9: {=INDIRECT(ADDRESS(5,$D9,1,FALSE),FALSE)} -> 0.10158211 | D9: =D8+1 -> 11 | E9: =moment_rate!$M9 -> 1025.8598 | F9: =E9-E10 -> 21.040265 | G9: =moment_rate!I9-0.005 -> 0.02 | H9: =IF($G9>=4.999,(E9-E10),0) -> 0 | I9: =IF(AND($G9>=I$3,$G9<I$4),$F9,0) -> 0 | J9: =IF(AND($G9>=J$3,$G9<J$4),$F9,0) -> 0 | K9: =IF(AND($G9>=K$3,$G9<K$4),$F9,0) -> 0 | L9: =IF(AND($G9>=L$3,$G9<L$4),$F9,0) -> 0 | M9: =IF(AND($G9>=M$3,$G9<M$4),$F9,0) -> 0 | N9: =IF(AND($G9>=N$3,$G9<N$4),$F9,0) -> 0 | O9: =IF(AND($G9>=O$3,$G9<O$4),$F9,0) -> 0 | P9: =IF(AND($G9>=P$3,$G9<P$4),$F9,0) -> 0 | ... AR9: =IF(AND($G9>=AR$3,$G9<AR$4),$F9,0) -> 0
A10: =A9+0.1 -> 5.35 | B10: =$C10*$H$5 -> 0.0033290498 | C10: {=INDIRECT(ADDRESS(5,$D10,1,FALSE),FALSE)} -> 0.082569035 | D10: =D9+1 -> 12 | E10: =moment_rate!$M10 -> 1004.8195 | F10: =E10-E11 -> 20.608729 | G10: =moment_rate!I10-0.005 -> 0.03 | H10: =IF($G10>=4.999,(E10-E11),0) -> 0 | I10: =IF(AND($G10>=I$3,$G10<I$4),$F10,0) -> 0 | J10: =IF(AND($G10>=J$3,$G10<J$4),$F10,0) -> 0 | K10: =IF(AND($G10>=K$3,$G10<K$4),$F10,0) -> 0 | L10: =IF(AND($G10>=L$3,$G10<L$4),$F10,0) -> 0 | M10: =IF(AND($G10>=M$3,$G10<M$4),$F10,0) -> 0 | N10: =IF(AND($G10>=N$3,$G10<N$4),$F10,0) -> 0 | O10: =IF(AND($G10>=O$3,$G10<O$4),$F10,0) -> 0 | P10: =IF(AND($G10>=P$3,$G10<P$4),$F10,0) -> 0 | ... AR10: =IF(AND($G10>=AR$3,$G10<AR$4),$F10,0) -> 0
A11: =A10+0.1 -> 5.45 | B11: =$C11*$H$5 -> 0.0027059532 | C11: {=INDIRECT(ADDRESS(5,$D11,1,FALSE),FALSE)} -> 0.067114632 | D11: =D10+1 -> 13 | E11: =moment_rate!$M11 -> 984.21078 | F11: =E11-E12 -> 20.186044 | G11: =moment_rate!I11-0.005 -> 0.04 | H11: =IF($G11>=4.999,(E11-E12),0) -> 0 | I11: =IF(AND($G11>=I$3,$G11<I$4),$F11,0) -> 0 | J11: =IF(AND($G11>=J$3,$G11<J$4),$F11,0) -> 0 | K11: =IF(AND($G11>=K$3,$G11<K$4),$F11,0) -> 0 | L11: =IF(AND($G11>=L$3,$G11<L$4),$F11,0) -> 0 | M11: =IF(AND($G11>=M$3,$G11<M$4),$F11,0) -> 0 | N11: =IF(AND($G11>=N$3,$G11<N$4),$F11,0) -> 0 | O11: =IF(AND($G11>=O$3,$G11<O$4),$F11,0) -> 0 | P11: =IF(AND($G11>=P$3,$G11<P$4),$F11,0) -> 0 | ... AR11: =IF(AND($G11>=AR$3,$G11<AR$4),$F11,0) -> 0
A12: =A11+0.1 -> 5.55 | B12: =$C12*$H$5 -> 0.0021994814 | C12: {=INDIRECT(ADDRESS(5,$D12,1,FALSE),FALSE)} -> 0.054552821 | D12: =D11+1 -> 14 | E12: =moment_rate!$M12 -> 964.02473 | F12: =E12-E13 -> 19.772028 | G12: =moment_rate!I12-0.005 -> 0.05 | H12: =IF($G12>=4.999,(E12-E13),0) -> 0 | I12: =IF(AND($G12>=I$3,$G12<I$4),$F12,0) -> 0 | J12: =IF(AND($G12>=J$3,$G12<J$4),$F12,0) -> 0 | K12: =IF(AND($G12>=K$3,$G12<K$4),$F12,0) -> 0 | L12: =IF(AND($G12>=L$3,$G12<L$4),$F12,0) -> 0 | M12: =IF(AND($G12>=M$3,$G12<M$4),$F12,0) -> 0 | N12: =IF(AND($G12>=N$3,$G12<N$4),$F12,0) -> 0 | O12: =IF(AND($G12>=O$3,$G12<O$4),$F12,0) -> 0 | P12: =IF(AND($G12>=P$3,$G12<P$4),$F12,0) -> 0 | ... AR12: =IF(AND($G12>=AR$3,$G12<AR$4),$F12,0) -> 0
A13: =A12+0.1 -> 5.65 | B13: =$C13*$H$5 -> 0.0017878056 | C13: {=INDIRECT(ADDRESS(5,$D13,1,FALSE),FALSE)} -> 0.044342197 | D13: =D12+1 -> 15 | E13: =moment_rate!$M13 -> 944.25271 | F13: =E13-E14 -> 19.366503 | G13: =moment_rate!I13-0.005 -> 0.06 | H13: =IF($G13>=4.999,(E13-E14),0) -> 0 | I13: =IF(AND($G13>=I$3,$G13<I$4),$F13,0) -> 0 | J13: =IF(AND($G13>=J$3,$G13<J$4),$F13,0) -> 0 | K13: =IF(AND($G13>=K$3,$G13<K$4),$F13,0) -> 0 | L13: =IF(AND($G13>=L$3,$G13<L$4),$F13,0) -> 0 | M13: =IF(AND($G13>=M$3,$G13<M$4),$F13,0) -> 0 | N13: =IF(AND($G13>=N$3,$G13<N$4),$F13,0) -> 0 | O13: =IF(AND($G13>=O$3,$G13<O$4),$F13,0) -> 0 | P13: =IF(AND($G13>=P$3,$G13<P$4),$F13,0) -> 0 | ... AR13: =IF(AND($G13>=AR$3,$G13<AR$4),$F13,0) -> 0
A14: =A13+0.1 -> 5.75 | B14: =$C14*$H$5 -> 0.0014531829 | C14: {=INDIRECT(ADDRESS(5,$D14,1,FALSE),FALSE)} -> 0.036042691 | D14: =D13+1 -> 16 | E14: =moment_rate!$M14 -> 924.8862 | F14: =E14-E15 -> 18.969296 | G14: =moment_rate!I14-0.005 -> 0.07 | H14: =IF($G14>=4.999,(E14-E15),0) -> 0 | I14: =IF(AND($G14>=I$3,$G14<I$4),$F14,0) -> 0 | J14: =IF(AND($G14>=J$3,$G14<J$4),$F14,0) -> 0 | K14: =IF(AND($G14>=K$3,$G14<K$4),$F14,0) -> 0 | L14: =IF(AND($G14>=L$3,$G14<L$4),$F14,0) -> 0 | M14: =IF(AND($G14>=M$3,$G14<M$4),$F14,0) -> 0 | N14: =IF(AND($G14>=N$3,$G14<N$4),$F14,0) -> 0 | O14: =IF(AND($G14>=O$3,$G14<O$4),$F14,0) -> 0 | P14: =IF(AND($G14>=P$3,$G14<P$4),$F14,0) -> 0 | ... AR14: =IF(AND($G14>=AR$3,$G14<AR$4),$F14,0) -> 0
A15: =A14+0.1 -> 5.85 | B15: =$C15*$H$5 -> 0.0011811914 | C15: {=INDIRECT(ADDRESS(5,$D15,1,FALSE),FALSE)} -> 0.029296599 | D15: =D14+1 -> 17 | E15: =moment_rate!$M15 -> 905.91691 | F15: =E15-E16 -> 18.580236 | G15: =moment_rate!I15-0.005 -> 0.08 | H15: =IF($G15>=4.999,(E15-E16),0) -> 0 | I15: =IF(AND($G15>=I$3,$G15<I$4),$F15,0) -> 0 | J15: =IF(AND($G15>=J$3,$G15<J$4),$F15,0) -> 0 | K15: =IF(AND($G15>=K$3,$G15<K$4),$F15,0) -> 0 | L15: =IF(AND($G15>=L$3,$G15<L$4),$F15,0) -> 0 | M15: =IF(AND($G15>=M$3,$G15<M$4),$F15,0) -> 0 | N15: =IF(AND($G15>=N$3,$G15<N$4),$F15,0) -> 0 | O15: =IF(AND($G15>=O$3,$G15<O$4),$F15,0) -> 0 | P15: =IF(AND($G15>=P$3,$G15<P$4),$F15,0) -> 0 | ... AR15: =IF(AND($G15>=AR$3,$G15<AR$4),$F15,0) -> 0
A16: =A15+0.1 -> 5.95 | B16: =$C16*$H$5 -> 0.00096010844 | C16: {=INDIRECT(ADDRESS(5,$D16,1,FALSE),FALSE)} -> 0.02381317 | D16: =D15+1 -> 18 | E16: =moment_rate!$M16 -> 887.33667 | F16: =E16-E17 -> 18.199155 | G16: =moment_rate!I16-0.005 -> 0.09 | H16: =IF($G16>=4.999,(E16-E17),0) -> 0 | I16: =IF(AND($G16>=I$3,$G16<I$4),$F16,0) -> 0 | J16: =IF(AND($G16>=J$3,$G16<J$4),$F16,0) -> 0 | K16: =IF(AND($G16>=K$3,$G16<K$4),$F16,0) -> 0 | L16: =IF(AND($G16>=L$3,$G16<L$4),$F16,0) -> 0 | M16: =IF(AND($G16>=M$3,$G16<M$4),$F16,0) -> 0 | N16: =IF(AND($G16>=N$3,$G16<N$4),$F16,0) -> 0 | O16: =IF(AND($G16>=O$3,$G16<O$4),$F16,0) -> 0 | P16: =IF(AND($G16>=P$3,$G16<P$4),$F16,0) -> 0 | ... AR16: =IF(AND($G16>=AR$3,$G16<AR$4),$F16,0) -> 0
A17: =A16+0.1 -> 6.05 | B17: =$C17*$H$5 -> 0.00078040544 | C17: {=INDIRECT(ADDRESS(5,$D17,1,FALSE),FALSE)} -> 0.019356071 | D17: =D16+1 -> 19 | E17: =moment_rate!$M17 -> 869.13752 | F17: =E17-E18 -> 17.82589 | G17: =moment_rate!I17-0.005 -> 0.1 | H17: =IF($G17>=4.999,(E17-E18),0) -> 0 | I17: =IF(AND($G17>=I$3,$G17<I$4),$F17,0) -> 0 | J17: =IF(AND($G17>=J$3,$G17<J$4),$F17,0) -> 0 | K17: =IF(AND($G17>=K$3,$G17<K$4),$F17,0) -> 0 | L17: =IF(AND($G17>=L$3,$G17<L$4),$F17,0) -> 0 | M17: =IF(AND($G17>=M$3,$G17<M$4),$F17,0) -> 0 | N17: =IF(AND($G17>=N$3,$G17<N$4),$F17,0) -> 0 | O17: =IF(AND($G17>=O$3,$G17<O$4),$F17,0) -> 0 | P17: =IF(AND($G17>=P$3,$G17<P$4),$F17,0) -> 0 | ... AR17: =IF(AND($G17>=AR$3,$G17<AR$4),$F17,0) -> 0
A18: =A17+0.1 -> 6.15 | B18: =$C18*$H$5 -> 0.00063433736 | C18: {=INDIRECT(ADDRESS(5,$D18,1,FALSE),FALSE)} -> 0.015733205 | D18: =D17+1 -> 20 | E18: =moment_rate!$M18 -> 851.31163 | F18: =E18-E19 -> 17.46028 | G18: =moment_rate!I18-0.005 -> 0.11 | H18: =IF($G18>=4.999,(E18-E19),0) -> 0 | I18: =IF(AND($G18>=I$3,$G18<I$4),$F18,0) -> 0 | J18: =IF(AND($G18>=J$3,$G18<J$4),$F18,0) -> 0 | K18: =IF(AND($G18>=K$3,$G18<K$4),$F18,0) -> 0 | L18: =IF(AND($G18>=L$3,$G18<L$4),$F18,0) -> 0 | M18: =IF(AND($G18>=M$3,$G18<M$4),$F18,0) -> 0 | N18: =IF(AND($G18>=N$3,$G18<N$4),$F18,0) -> 0 | O18: =IF(AND($G18>=O$3,$G18<O$4),$F18,0) -> 0 | P18: =IF(AND($G18>=P$3,$G18<P$4),$F18,0) -> 0 | ... AR18: =IF(AND($G18>=AR$3,$G18<AR$4),$F18,0) -> 0
A19: =A18+0.1 -> 6.25 | B19: =$C19*$H$5 -> 0.00051560876 | C19: {=INDIRECT(ADDRESS(5,$D19,1,FALSE),FALSE)} -> 0.012788429 | D19: =D18+1 -> 21 | E19: =moment_rate!$M19 -> 833.85135 | F19: =E19-E20 -> 17.10217 | G19: =moment_rate!I19-0.005 -> 0.12 | H19: =IF($G19>=4.999,(E19-E20),0) -> 0 | I19: =IF(AND($G19>=I$3,$G19<I$4),$F19,0) -> 0 | J19: =IF(AND($G19>=J$3,$G19<J$4),$F19,0) -> 0 | K19: =IF(AND($G19>=K$3,$G19<K$4),$F19,0) -> 0 | L19: =IF(AND($G19>=L$3,$G19<L$4),$F19,0) -> 0 | M19: =IF(AND($G19>=M$3,$G19<M$4),$F19,0) -> 0 | N19: =IF(AND($G19>=N$3,$G19<N$4),$F19,0) -> 0 | O19: =IF(AND($G19>=O$3,$G19<O$4),$F19,0) -> 0 | P19: =IF(AND($G19>=P$3,$G19<P$4),$F19,0) -> 0 | ... AR19: =IF(AND($G19>=AR$3,$G19<AR$4),$F19,0) -> 0
... A43: =A42+0.1 -> 8.65 | B43: =$C43*$H$5 -> 0 | C43: {=INDIRECT(ADDRESS(5,$D43,1,FALSE),FALSE)} -> 0 | D43: =D42+1 -> 45 | E43: =moment_rate!$M43 -> 507.09674 | F43: =E43-E44 -> 10.400428 | G43: =moment_rate!I43-0.005 -> 0.36 | H43: =IF($G43>=4.999,(E43-E44),0) -> 0 | I43: =IF(AND($G43>=I$3,$G43<I$4),$F43,0) -> 0 | J43: =IF(AND($G43>=J$3,$G43<J$4),$F43,0) -> 0 | K43: =IF(AND($G43>=K$3,$G43<K$4),$F43,0) -> 0 | L43: =IF(AND($G43>=L$3,$G43<L$4),$F43,0) -> 0 | M43: =IF(AND($G43>=M$3,$G43<M$4),$F43,0) -> 0 | N43: =IF(AND($G43>=N$3,$G43<N$4),$F43,0) -> 0 | O43: =IF(AND($G43>=O$3,$G43<O$4),$F43,0) -> 0 | P43: =IF(AND($G43>=P$3,$G43<P$4),$F43,0) -> 0 | ... AR43: =IF(AND($G43>=AR$3,$G43<AR$4),$F43,0) -> 0
E44: =moment_rate!$M44 -> 496.69631 | F44: =E44-E45 -> 10.187115 | G44: =moment_rate!I44-0.005 -> 0.37 | H44: =IF($G44>=4.999,(E44-E45),0) -> 0 | I44: =IF(AND($G44>=I$3,$G44<I$4),$F44,0) -> 0 | J44: =IF(AND($G44>=J$3,$G44<J$4),$F44,0) -> 0 | K44: =IF(AND($G44>=K$3,$G44<K$4),$F44,0) -> 0 | L44: =IF(AND($G44>=L$3,$G44<L$4),$F44,0) -> 0 | M44: =IF(AND($G44>=M$3,$G44<M$4),$F44,0) -> 0 | N44: =IF(AND($G44>=N$3,$G44<N$4),$F44,0) -> 0 | O44: =IF(AND($G44>=O$3,$G44<O$4),$F44,0) -> 0 | P44: =IF(AND($G44>=P$3,$G44<P$4),$F44,0) -> 0 | ... AR44: =IF(AND($G44>=AR$3,$G44<AR$4),$F44,0) -> 0
E45: =moment_rate!$M45 -> 486.5092 | F45: =E45-E46 -> 9.9781773 | G45: =moment_rate!I45-0.005 -> 0.38 | H45: =IF($G45>=4.999,(E45-E46),0) -> 0 | I45: =IF(AND($G45>=I$3,$G45<I$4),$F45,0) -> 0 | J45: =IF(AND($G45>=J$3,$G45<J$4),$F45,0) -> 0 | K45: =IF(AND($G45>=K$3,$G45<K$4),$F45,0) -> 0 | L45: =IF(AND($G45>=L$3,$G45<L$4),$F45,0) -> 0 | M45: =IF(AND($G45>=M$3,$G45<M$4),$F45,0) -> 0 | N45: =IF(AND($G45>=N$3,$G45<N$4),$F45,0) -> 0 | O45: =IF(AND($G45>=O$3,$G45<O$4),$F45,0) -> 0 | P45: =IF(AND($G45>=P$3,$G45<P$4),$F45,0) -> 0 | ... AR45: =IF(AND($G45>=AR$3,$G45<AR$4),$F45,0) -> 0
E46: =moment_rate!$M46 -> 476.53102 | F46: =E46-E47 -> 9.7735247 | G46: =moment_rate!I46-0.005 -> 0.39 | H46: =IF($G46>=4.999,(E46-E47),0) -> 0 | I46: =IF(AND($G46>=I$3,$G46<I$4),$F46,0) -> 0 | J46: =IF(AND($G46>=J$3,$G46<J$4),$F46,0) -> 0 | K46: =IF(AND($G46>=K$3,$G46<K$4),$F46,0) -> 0 | L46: =IF(AND($G46>=L$3,$G46<L$4),$F46,0) -> 0 | M46: =IF(AND($G46>=M$3,$G46<M$4),$F46,0) -> 0 | N46: =IF(AND($G46>=N$3,$G46<N$4),$F46,0) -> 0 | O46: =IF(AND($G46>=O$3,$G46<O$4),$F46,0) -> 0 | P46: =IF(AND($G46>=P$3,$G46<P$4),$F46,0) -> 0 | ... AR46: =IF(AND($G46>=AR$3,$G46<AR$4),$F46,0) -> 0
E47: =moment_rate!$M47 -> 466.75749 | F47: =E47-E48 -> 9.5730696 | G47: =moment_rate!I47-0.005 -> 0.4 | H47: =IF($G47>=4.999,(E47-E48),0) -> 0 | I47: =IF(AND($G47>=I$3,$G47<I$4),$F47,0) -> 0 | J47: =IF(AND($G47>=J$3,$G47<J$4),$F47,0) -> 0 | K47: =IF(AND($G47>=K$3,$G47<K$4),$F47,0) -> 0 | L47: =IF(AND($G47>=L$3,$G47<L$4),$F47,0) -> 0 | M47: =IF(AND($G47>=M$3,$G47<M$4),$F47,0) -> 0 | N47: =IF(AND($G47>=N$3,$G47<N$4),$F47,0) -> 0 | O47: =IF(AND($G47>=O$3,$G47<O$4),$F47,0) -> 0 | P47: =IF(AND($G47>=P$3,$G47<P$4),$F47,0) -> 0 | ... AR47: =IF(AND($G47>=AR$3,$G47<AR$4),$F47,0) -> 0
E48: =moment_rate!$M48 -> 457.18442 | F48: =E48-E49 -> 9.3767258 | G48: =moment_rate!I48-0.005 -> 0.41 | H48: =IF($G48>=4.999,(E48-E49),0) -> 0 | I48: =IF(AND($G48>=I$3,$G48<I$4),$F48,0) -> 0 | J48: =IF(AND($G48>=J$3,$G48<J$4),$F48,0) -> 0 | K48: =IF(AND($G48>=K$3,$G48<K$4),$F48,0) -> 0 | L48: =IF(AND($G48>=L$3,$G48<L$4),$F48,0) -> 0 | M48: =IF(AND($G48>=M$3,$G48<M$4),$F48,0) -> 0 | N48: =IF(AND($G48>=N$3,$G48<N$4),$F48,0) -> 0 | O48: =IF(AND($G48>=O$3,$G48<O$4),$F48,0) -> 0 | P48: =IF(AND($G48>=P$3,$G48<P$4),$F48,0) -> 0 | ... AR48: =IF(AND($G48>=AR$3,$G48<AR$4),$F48,0) -> 0
E49: =moment_rate!$M49 -> 447.8077 | F49: =E49-E50 -> 9.184409 | G49: =moment_rate!I49-0.005 -> 0.42 | H49: =IF($G49>=4.999,(E49-E50),0) -> 0 | I49: =IF(AND($G49>=I$3,$G49<I$4),$F49,0) -> 0 | J49: =IF(AND($G49>=J$3,$G49<J$4),$F49,0) -> 0 | K49: =IF(AND($G49>=K$3,$G49<K$4),$F49,0) -> 0 | L49: =IF(AND($G49>=L$3,$G49<L$4),$F49,0) -> 0 | M49: =IF(AND($G49>=M$3,$G49<M$4),$F49,0) -> 0 | N49: =IF(AND($G49>=N$3,$G49<N$4),$F49,0) -> 0 | O49: =IF(AND($G49>=O$3,$G49<O$4),$F49,0) -> 0 | P49: =IF(AND($G49>=P$3,$G49<P$4),$F49,0) -> 0 | ... AR49: =IF(AND($G49>=AR$3,$G49<AR$4),$F49,0) -> 0
E50: =moment_rate!$M50 -> 438.62329 | F50: =E50-E51 -> 8.9960366 | G50: =moment_rate!I50-0.005 -> 0.43 | H50: =IF($G50>=4.999,(E50-E51),0) -> 0 | I50: =IF(AND($G50>=I$3,$G50<I$4),$F50,0) -> 0 | J50: =IF(AND($G50>=J$3,$G50<J$4),$F50,0) -> 0 | K50: =IF(AND($G50>=K$3,$G50<K$4),$F50,0) -> 0 | L50: =IF(AND($G50>=L$3,$G50<L$4),$F50,0) -> 0 | M50: =IF(AND($G50>=M$3,$G50<M$4),$F50,0) -> 0 | N50: =IF(AND($G50>=N$3,$G50<N$4),$F50,0) -> 0 | O50: =IF(AND($G50>=O$3,$G50<O$4),$F50,0) -> 0 | P50: =IF(AND($G50>=P$3,$G50<P$4),$F50,0) -> 0 | ... AR50: =IF(AND($G50>=AR$3,$G50<AR$4),$F50,0) -> 0
E51: =moment_rate!$M51 -> 429.62725 | F51: =E51-E52 -> 8.8115278 | G51: =moment_rate!I51-0.005 -> 0.44 | H51: =IF($G51>=4.999,(E51-E52),0) -> 0 | I51: =IF(AND($G51>=I$3,$G51<I$4),$F51,0) -> 0 | J51: =IF(AND($G51>=J$3,$G51<J$4),$F51,0) -> 0 | K51: =IF(AND($G51>=K$3,$G51<K$4),$F51,0) -> 0 | L51: =IF(AND($G51>=L$3,$G51<L$4),$F51,0) -> 0 | M51: =IF(AND($G51>=M$3,$G51<M$4),$F51,0) -> 0 | N51: =IF(AND($G51>=N$3,$G51<N$4),$F51,0) -> 0 | O51: =IF(AND($G51>=O$3,$G51<O$4),$F51,0) -> 0 | P51: =IF(AND($G51>=P$3,$G51<P$4),$F51,0) -> 0 | ... AR51: =IF(AND($G51>=AR$3,$G51<AR$4),$F51,0) -> 0
E52: =moment_rate!$M52 -> 420.81572 | F52: =E52-E53 -> 8.6308032 | G52: =moment_rate!I52-0.005 -> 0.45 | H52: =IF($G52>=4.999,(E52-E53),0) -> 0 | I52: =IF(AND($G52>=I$3,$G52<I$4),$F52,0) -> 0 | J52: =IF(AND($G52>=J$3,$G52<J$4),$F52,0) -> 0 | K52: =IF(AND($G52>=K$3,$G52<K$4),$F52,0) -> 0 | L52: =IF(AND($G52>=L$3,$G52<L$4),$F52,0) -> 0 | M52: =IF(AND($G52>=M$3,$G52<M$4),$F52,0) -> 0 | N52: =IF(AND($G52>=N$3,$G52<N$4),$F52,0) -> 0 | O52: =IF(AND($G52>=O$3,$G52<O$4),$F52,0) -> 0 | P52: =IF(AND($G52>=P$3,$G52<P$4),$F52,0) -> 0 | ... AR52: =IF(AND($G52>=AR$3,$G52<AR$4),$F52,0) -> 0
E53: =moment_rate!$M53 -> 412.18492 | F53: =E53-E54 -> 8.4537853 | G53: =moment_rate!I53-0.005 -> 0.46 | H53: =IF($G53>=4.999,(E53-E54),0) -> 0 | I53: =IF(AND($G53>=I$3,$G53<I$4),$F53,0) -> 0 | J53: =IF(AND($G53>=J$3,$G53<J$4),$F53,0) -> 0 | K53: =IF(AND($G53>=K$3,$G53<K$4),$F53,0) -> 0 | L53: =IF(AND($G53>=L$3,$G53<L$4),$F53,0) -> 0 | M53: =IF(AND($G53>=M$3,$G53<M$4),$F53,0) -> 0 | N53: =IF(AND($G53>=N$3,$G53<N$4),$F53,0) -> 0 | O53: =IF(AND($G53>=O$3,$G53<O$4),$F53,0) -> 0 | P53: =IF(AND($G53>=P$3,$G53<P$4),$F53,0) -> 0 | ... AR53: =IF(AND($G53>=AR$3,$G53<AR$4),$F53,0) -> 0
E54: =moment_rate!$M54 -> 403.73114 | F54: =E54-E55 -> 8.2803981 | G54: =moment_rate!I54-0.005 -> 0.47 | H54: =IF($G54>=4.999,(E54-E55),0) -> 0 | I54: =IF(AND($G54>=I$3,$G54<I$4),$F54,0) -> 0 | J54: =IF(AND($G54>=J$3,$G54<J$4),$F54,0) -> 0 | K54: =IF(AND($G54>=K$3,$G54<K$4),$F54,0) -> 0 | L54: =IF(AND($G54>=L$3,$G54<L$4),$F54,0) -> 0 | M54: =IF(AND($G54>=M$3,$G54<M$4),$F54,0) -> 0 | N54: =IF(AND($G54>=N$3,$G54<N$4),$F54,0) -> 0 | O54: =IF(AND($G54>=O$3,$G54<O$4),$F54,0) -> 0 | P54: =IF(AND($G54>=P$3,$G54<P$4),$F54,0) -> 0 | ... AR54: =IF(AND($G54>=AR$3,$G54<AR$4),$F54,0) -> 0
E55: =moment_rate!$M55 -> 395.45074 | F55: =E55-E56 -> 8.110567 | G55: =moment_rate!I55-0.005 -> 0.48 | H55: =IF($G55>=4.999,(E55-E56),0) -> 0 | I55: =IF(AND($G55>=I$3,$G55<I$4),$F55,0) -> 0 | J55: =IF(AND($G55>=J$3,$G55<J$4),$F55,0) -> 0 | K55: =IF(AND($G55>=K$3,$G55<K$4),$F55,0) -> 0 | L55: =IF(AND($G55>=L$3,$G55<L$4),$F55,0) -> 0 | M55: =IF(AND($G55>=M$3,$G55<M$4),$F55,0) -> 0 | N55: =IF(AND($G55>=N$3,$G55<N$4),$F55,0) -> 0 | O55: =IF(AND($G55>=O$3,$G55<O$4),$F55,0) -> 0 | P55: =IF(AND($G55>=P$3,$G55<P$4),$F55,0) -> 0 | ... AR55: =IF(AND($G55>=AR$3,$G55<AR$4),$F55,0) -> 0
... E863: =moment_rate!$M863 -> 0 | F863: =E863-E864 -> 0 | G863: =moment_rate!I863-0.005 -> 8.56 | H863: =IF($G863>=4.999,(E863-E864),0) -> 0 | I863: =IF(AND($G863>=I$3,$G863<I$4),$F863,0) -> 0 | J863: =IF(AND($G863>=J$3,$G863<J$4),$F863,0) -> 0 | K863: =IF(AND($G863>=K$3,$G863<K$4),$F863,0) -> 0 | L863: =IF(AND($G863>=L$3,$G863<L$4),$F863,0) -> 0 | M863: =IF(AND($G863>=M$3,$G863<M$4),$F863,0) -> 0 | N863: =IF(AND($G863>=N$3,$G863<N$4),$F863,0) -> 0 | O863: =IF(AND($G863>=O$3,$G863<O$4),$F863,0) -> 0 | P863: =IF(AND($G863>=P$3,$G863<P$4),$F863,0) -> 0 | ... AR863: =IF(AND($G863>=AR$3,$G863<AR$4),$F863,0) -> 0
